Name,Current_Location,Age,Past_Travel_Destinations,Number_of_Trips,Flight_Number,Departure_City,Arrival_City,Flight_Date
Stephen Walker,Honolulu,20,"Orlando, Miami, Phoenix, Chicago",4,T6387,Honolulu,Orlando,2024-05-19
,,,,,B8212,Honolulu,Miami,2023-05-02
,,,,,I7809,Honolulu,Phoenix,2024-02-20
,,,,,U3713,Honolulu,Chicago,2022-09-04
Colton Fisher,Richmond,64,"San Diego, Houston",2,K7844,Richmond,San Diego,2022-11-24
,,,,,Y7549,Richmond,Houston,2022-12-01
Aimee Alexander,St. Petersburg,60,"Bratislava, Geneva",2,M5530,St. Petersburg,Bratislava,2024-01-28
,,,,,H9252,St. Petersburg,Geneva,2023-05-10
Jacob Peterson,Munich,57,Rome,1,Q7369,Munich,Rome,2022-10-26
Rachel Mosley,San Jose,60,"Savannah, Santa Fe, Sedona",3,M2750,San Jose,Savannah,2023-05-17
,,,,,N5855,San Jose,Santa Fe,2023-07-11
,,,,,T6282,San Jose,Sedona,2022-09-10
Angela Cooper,Barcelona,27,"Zurich, Seville, Moscow, Valencia, Edinburgh",5,I3395,Barcelona,Zurich,2022-08-28
,,,,,M2590,Barcelona,Seville,2024-03-19
,,,,,T2174,Barcelona,Moscow,2023-12-23
,,,,,A3991,Barcelona,Valencia,2024-02-28
,,,,,V3735,Barcelona,Edinburgh,2024-05-06
Traci Potter,New York,43,"Savannah, San Jose, New Orleans, Tampa",4,X4351,New York,Savannah,2023-07-10
,,,,,O7887,New York,San Jose,2023-01-13
,,,,,C3426,New York,New Orleans,2023-12-09
,,,,,W4955,New York,Tampa,2023-08-10
Erica Vargas,Marseille,62,"Florence, Milan, Edinburgh, Amsterdam",4,W4747,Marseille,Florence,2023-07-14
,,,,,G3313,Marseille,Milan,2024-06-13
,,,,,O8623,Marseille,Edinburgh,2024-04-19
,,,,,G1283,Marseille,Amsterdam,2022-11-09
Brian Stone,Salt Lake City,49,"Dallas, Las Vegas, Baltimore, San Diego, Scottsdale",5,T9776,Salt Lake City,Dallas,2022-12-11
,,,,,M1127,Salt Lake City,Las Vegas,2023-10-15
,,,,,Y7546,Salt Lake City,Baltimore,2023-03-14
,,,,,V4427,Salt Lake City,San Diego,2023-12-02
,,,,,W4892,Salt Lake City,Scottsdale,2024-06-03
Henry Roberts,Munich,43,"St. Louis, Prague, Edinburgh",3,O1359,Munich,St. Louis,2023-11-18
,,,,,D3150,Munich,Prague,2024-08-09
,,,,,J5308,Munich,Edinburgh,2023-01-29
Anthony Smith,Helsinki,38,Prague,1,F9467,Helsinki,Prague,2024-03-21
Matthew Warren,Oklahoma City,60,"Savannah, Atlanta, Cincinnati, Fort Lauderdale, Los Angeles",5,W6737,Oklahoma City,Savannah,2023-01-21
,,,,,J2285,Oklahoma City,Atlanta,2024-06-13
,,,,,T8650,Oklahoma City,Cincinnati,2023-12-23
,,,,,L7223,Oklahoma City,Fort Lauderdale,2023-06-16
,,,,,X5209,Oklahoma City,Los Angeles,2024-07-11
Steven Powers,Providence,42,Los Angeles,1,U3396,Providence,Los Angeles,2024-05-19
Leslie Delgado,Washington,53,"Richmond, Houston, Atlanta, Warsaw",4,T9194,Washington,Richmond,2022-09-08
,,,,,D6618,Washington,Houston,2023-05-07
,,,,,I3905,Washington,Atlanta,2022-10-26
,,,,,N6031,Washington,Warsaw,2024-03-05
Angela Diaz,Savannah,75,"Boston, Nice, Sacramento, St. Louis",4,F8357,Savannah,Boston,2024-07-19
,,,,,N9843,Savannah,Nice,2022-12-20
,,,,,S9250,Savannah,Sacramento,2022-11-08
,,,,,W2459,Savannah,St. Louis,2024-01-05
Derrick Sparks,Baltimore,64,Valencia,1,K8043,Baltimore,Valencia,2023-06-03
Marc Alexander,Venice,19,"Warsaw, Brussels, Oslo, St. Petersburg",4,G2409,Venice,Warsaw,2022-10-02
,,,,,Q1009,Venice,Brussels,2023-10-13
,,,,,H3054,Venice,Oslo,2024-03-20
,,,,,V7942,Venice,St. Petersburg,2023-06-03
Paul Wagner,Barcelona,50,"Geneva, Malaga, Rome, Gothenburg, Geneva",5,B7891,Barcelona,Geneva,2023-09-19
,,,,,W4661,Barcelona,Malaga,2023-01-09
,,,,,B7714,Barcelona,Rome,2022-12-14
,,,,,L8215,Barcelona,Gothenburg,2022-11-19
,,,,,Y5945,Barcelona,Geneva,2023-12-05
Jeffrey Smith,Istanbul,41,"Krakow, Bordeaux",2,J5269,Istanbul,Krakow,2022-12-21
,,,,,M9568,Istanbul,Bordeaux,2023-01-23
Melissa Schmidt,Venice,33,Luxembourg,1,N7151,Venice,Luxembourg,2024-08-12
Thomas Acosta,Florence,47,St. Petersburg,1,R2717,Florence,St. Petersburg,2024-05-19
Matthew Kerr,Phoenix,38,Atlanta,1,H9665,Phoenix,Atlanta,2024-05-11
Elizabeth Ball,Sacramento,20,Dallas,1,F9689,Sacramento,Dallas,2022-11-25
Jason Thomas,Bergen,52,"Venice, Munich, Baltimore, Nice",4,H6413,Bergen,Venice,2024-01-26
,,,,,W9924,Bergen,Munich,2023-11-21
,,,,,V8691,Bergen,Baltimore,2024-04-16
,,,,,U2828,Bergen,Nice,2023-11-12
Thomas Ray,Vienna,36,"Warsaw, Amsterdam",2,K3927,Vienna,Warsaw,2023-11-24
,,,,,B3419,Vienna,Amsterdam,2024-05-05
Angela Williams,Amsterdam,32,Edinburgh,1,G6766,Amsterdam,Edinburgh,2023-12-14
Janice Weber,San Jose,38,"Baltimore, St. Louis, Charlotte, Oklahoma City, Austin",5,A9540,San Jose,Baltimore,2023-05-12
,,,,,S7951,San Jose,St. Louis,2022-12-14
,,,,,W1683,San Jose,Charlotte,2024-08-08
,,,,,Q5904,San Jose,Oklahoma City,2023-05-17
,,,,,I4228,San Jose,Austin,2024-05-29
Trevor Bowman,Savannah,46,"New York, Savannah",2,B9233,Savannah,New York,2024-02-27
,,,,,T5151,Savannah,Savannah,2024-04-28
Christina Hamilton,Boston,21,Seattle,1,Y5350,Boston,Seattle,2023-11-13
Jessica Salazar,Salt Lake City,44,"Austin, Oklahoma City, Salt Lake City, Lisbon, San Jose",5,Y9536,Salt Lake City,Austin,2022-09-30
,,,,,N6208,Salt Lake City,Oklahoma City,2023-03-21
,,,,,Q1762,Salt Lake City,Salt Lake City,2024-01-02
,,,,,D9034,Salt Lake City,Lisbon,2023-04-02
,,,,,A1434,Salt Lake City,San Jose,2023-10-16
Jessica Foster,Nashville,73,"San Antonio, Providence",2,L4530,Nashville,San Antonio,2023-11-18
,,,,,M3926,Nashville,Providence,2023-05-11
Christine Cole,Seattle,43,"San Antonio, Philadelphia, Newport, Philadelphia, San Antonio",5,Z5107,Seattle,San Antonio,2024-02-06
,,,,,S5103,Seattle,Philadelphia,2023-04-08
,,,,,D4508,Seattle,Newport,2023-01-21
,,,,,M1884,Seattle,Philadelphia,2024-06-15
,,,,,P4979,Seattle,San Antonio,2024-03-17
Stephanie Alvarez,Helsinki,58,"Milan, Minneapolis",2,M7375,Helsinki,Milan,2023-01-21
,,,,,T6947,Helsinki,Minneapolis,2024-03-30
Kristina Miller,Orlando,29,"Charleston, Portland, Asheville, Bratislava, Richmond",5,P6347,Orlando,Charleston,2023-06-03
,,,,,X2723,Orlando,Portland,2024-07-15
,,,,,N6907,Orlando,Asheville,2022-12-13
,,,,,R8851,Orlando,Bratislava,2023-12-04
,,,,,I2779,Orlando,Richmond,2023-07-31
Brian Adams,San Francisco,72,"Seattle, Indianapolis, Boston, Reykjavik",4,J1075,San Francisco,Seattle,2024-06-26
,,,,,Y6690,San Francisco,Indianapolis,2022-10-18
,,,,,C5354,San Francisco,Boston,2024-01-13
,,,,,V6232,San Francisco,Reykjavik,2023-03-22
Jessica Nichols,Baltimore,68,"Dallas, Pittsburgh, Sacramento, Fort Lauderdale, Washington",5,O4462,Baltimore,Dallas,2023-05-12
,,,,,R6751,Baltimore,Pittsburgh,2023-04-29
,,,,,W4733,Baltimore,Sacramento,2024-05-08
,,,,,X2100,Baltimore,Fort Lauderdale,2023-08-08
,,,,,E9220,Baltimore,Washington,2023-10-24
Mark Foster,Nice,26,"Bologna, Malaga",2,C2211,Nice,Bologna,2024-04-25
,,,,,Q2971,Nice,Malaga,2023-10-10
Heather Hoffman,Florence,30,"Bologna, Phoenix, Reykjavik",3,I8112,Florence,Bologna,2024-03-21
,,,,,H1016,Florence,Phoenix,2024-07-30
,,,,,E4082,Florence,Reykjavik,2023-06-07
Maurice Tyler,Florence,45,"Nice, Dubrovnik, St. Petersburg, Reykjavik, Cologne",5,T3404,Florence,Nice,2023-08-21
,,,,,A1003,Florence,Dubrovnik,2023-07-17
,,,,,H4954,Florence,St. Petersburg,2023-07-21
,,,,,B3057,Florence,Reykjavik,2024-06-01
,,,,,M8001,Florence,Cologne,2023-03-30
Chelsea Larson,Venice,62,"Copenhagen, Stockholm, Berlin",3,K8609,Venice,Copenhagen,2023-05-26
,,,,,P2529,Venice,Stockholm,2022-11-17
,,,,,R4671,Venice,Berlin,2023-04-18
Christopher Harrington,Atlanta,63,"Phoenix, Phoenix",2,A6368,Atlanta,Phoenix,2023-06-15
,,,,,X6326,Atlanta,Phoenix,2023-11-08
Rachel Wilson,Barcelona,22,"Gothenburg, Luxembourg",2,F4739,Barcelona,Gothenburg,2024-07-08
,,,,,J1248,Barcelona,Luxembourg,2023-04-30
Eddie Walton,Edinburgh,52,"Madrid, Bratislava, Paris",3,Y1306,Edinburgh,Madrid,2024-08-04
,,,,,D4032,Edinburgh,Bratislava,2024-04-26
,,,,,A6943,Edinburgh,Paris,2024-04-03
Brenda Price,Lisbon,28,"Edinburgh, Berlin, Marseille, Geneva, Milan",5,O1926,Lisbon,Edinburgh,2024-01-04
,,,,,F7809,Lisbon,Berlin,2022-12-27
,,,,,W2576,Lisbon,Marseille,2023-11-01
,,,,,C1077,Lisbon,Geneva,2024-06-19
,,,,,T6305,Lisbon,Milan,2023-02-20
Kevin Garcia,Venice,38,"Marseille, Bergen, Lyon",3,I1055,Venice,Marseille,2024-05-30
,,,,,T5335,Venice,Bergen,2023-03-08
,,,,,J8682,Venice,Lyon,2022-10-07
Kristin Blankenship,Kansas City,67,Philadelphia,1,N9280,Kansas City,Philadelphia,2022-10-17
Donald Graham,Warsaw,22,"Rome, Geneva",2,M8398,Warsaw,Rome,2024-07-05
,,,,,P9316,Warsaw,Geneva,2023-06-07
Joshua Coleman,Pittsburgh,32,"St. Louis, Scottsdale, Providence, Sacramento",4,X4529,Pittsburgh,St. Louis,2024-03-15
,,,,,Q6231,Pittsburgh,Scottsdale,2024-05-10
,,,,,G5268,Pittsburgh,Providence,2023-12-04
,,,,,P6685,Pittsburgh,Sacramento,2024-08-13
Samuel Davis,Moscow,47,"Geneva, Copenhagen, Bordeaux",3,A9265,Moscow,Geneva,2024-01-04
,,,,,B6568,Moscow,Copenhagen,2022-12-07
,,,,,G7203,Moscow,Bordeaux,2022-09-29
Kevin Ramirez,St. Petersburg,59,"Dublin, Dublin",2,F8136,St. Petersburg,Dublin,2023-12-18
,,,,,Y5939,St. Petersburg,Dublin,2023-02-05
Lauren Rivera,Santa Fe,20,"San Francisco, Orlando, San Jose, Santa Fe, Seattle",5,R6925,Santa Fe,San Francisco,2023-01-25
,,,,,W3226,Santa Fe,Orlando,2022-09-22
,,,,,Q9497,Santa Fe,San Jose,2024-03-22
,,,,,Y6671,Santa Fe,Santa Fe,2023-06-23
,,,,,K2750,Santa Fe,Seattle,2023-05-24
Matthew Brock,Savannah,52,Key West,1,M7065,Savannah,Key West,2023-05-03
Jordan Moore,Berlin,72,"Dublin, Munich, Bratislava",3,E7022,Berlin,Dublin,2022-10-20
,,,,,F6727,Berlin,Munich,2022-09-28
,,,,,W5821,Berlin,Bratislava,2023-08-07
James Hamilton,Salt Lake City,33,"San Francisco, Providence, San Francisco",3,Z2769,Salt Lake City,San Francisco,2022-11-02
,,,,,O7018,Salt Lake City,Providence,2023-07-11
,,,,,A6521,Salt Lake City,San Francisco,2023-07-27
Robert Mcmillan,Milan,53,"Istanbul, Florence, Marseille, Reykjavik",4,R4380,Milan,Istanbul,2023-10-12
,,,,,P9617,Milan,Florence,2022-10-14
,,,,,X5767,Milan,Marseille,2023-01-20
,,,,,B5408,Milan,Reykjavik,2023-09-13
Justin Carpenter,Cincinnati,52,"Pittsburgh, Sedona, Chicago",3,C2684,Cincinnati,Pittsburgh,2024-02-21
,,,,,H1428,Cincinnati,Sedona,2024-02-18
,,,,,V8682,Cincinnati,Chicago,2022-10-08
Mr. Donald Collins DDS,Naples,34,"Edinburgh, Bordeaux, Berlin, Oslo",4,H2597,Naples,Edinburgh,2023-06-24
,,,,,I5247,Naples,Bordeaux,2022-10-05
,,,,,K1740,Naples,Berlin,2023-10-03
,,,,,L9206,Naples,Oslo,2024-07-03
Rebecca Davis,Boston,34,"Salt Lake City, Savannah",2,S6728,Boston,Salt Lake City,2023-06-13
,,,,,Y3897,Boston,Savannah,2022-09-30
Crystal Smith,New Orleans,43,"Las Vegas, Salt Lake City, Baltimore, Philadelphia",4,E1079,New Orleans,Las Vegas,2022-11-15
,,,,,E5757,New Orleans,Salt Lake City,2023-02-05
,,,,,Y3797,New Orleans,Baltimore,2023-08-01
,,,,,R3762,New Orleans,Philadelphia,2023-07-25
Cameron Armstrong,Las Vegas,66,"Sacramento, Portland",2,B6124,Las Vegas,Sacramento,2023-12-03
,,,,,Q2611,Las Vegas,Portland,2024-03-08
David Brady,St. Louis,67,Sacramento,1,G8519,St. Louis,Sacramento,2024-03-20
Melissa Taylor,Asheville,53,"Providence, Key West, Jacksonville, Charleston, Fort Lauderdale",5,X6791,Asheville,Providence,2023-03-31
,,,,,S9516,Asheville,Key West,2023-06-18
,,,,,X8947,Asheville,Jacksonville,2023-01-11
,,,,,S1614,Asheville,Charleston,2022-10-14
,,,,,Q3826,Asheville,Fort Lauderdale,2023-01-07
Teresa Taylor,Vienna,45,"Munich, Brussels",2,W2162,Vienna,Munich,2024-03-11
,,,,,K3691,Vienna,Brussels,2024-03-04
Jeffrey Rogers,Vienna,38,"Dubrovnik, Rome, Geneva, Tallinn, Dublin",5,Z3822,Vienna,Dubrovnik,2023-09-03
,,,,,K8152,Vienna,Rome,2023-05-28
,,,,,K3291,Vienna,Geneva,2023-03-18
,,,,,W9020,Vienna,Tallinn,2022-09-15
,,,,,J3752,Vienna,Dublin,2023-09-10
Dorothy Henderson,Zurich,24,"Barcelona, Bergen, Edinburgh, Reykjavik",4,U5844,Zurich,Barcelona,2023-03-25
,,,,,C6187,Zurich,Bergen,2023-02-25
,,,,,U8392,Zurich,Edinburgh,2023-07-29
,,,,,B4623,Zurich,Reykjavik,2024-02-25
Tyler Benson,Naples,56,"Geneva, Lyon, Lisbon",3,R6270,Naples,Geneva,2023-10-13
,,,,,R9201,Naples,Lyon,2023-04-16
,,,,,L4900,Naples,Lisbon,2023-11-24
Nicole Neal,Philadelphia,63,"Sacramento, Lisbon",2,K2355,Philadelphia,Sacramento,2024-08-11
,,,,,D5195,Philadelphia,Lisbon,2023-03-12
Lisa Lee,Jacksonville,54,"Newport, Nashville, Chicago, Seattle",4,S5030,Jacksonville,Newport,2024-05-25
,,,,,T6810,Jacksonville,Nashville,2023-04-22
,,,,,P7162,Jacksonville,Chicago,2022-09-07
,,,,,P3564,Jacksonville,Seattle,2022-11-01
Dr. Stephanie Simmons PhD,Geneva,19,"Lyon, St. Louis, Dubrovnik",3,B1951,Geneva,Lyon,2023-09-08
,,,,,V6772,Geneva,St. Louis,2022-10-15
,,,,,U6362,Geneva,Dubrovnik,2024-02-07
Mary Lopez,Munich,18,"Budapest, Oslo, Amsterdam, Valencia",4,W3249,Munich,Budapest,2024-01-02
,,,,,V7165,Munich,Oslo,2023-06-29
,,,,,V2654,Munich,Amsterdam,2024-07-15
,,,,,A7865,Munich,Valencia,2024-03-26
Traci Bennett,Nashville,36,Baltimore,1,C7834,Nashville,Baltimore,2022-11-14
Janet Sanders,Charleston,40,"Fort Lauderdale, Orlando, St. Louis, San Francisco",4,H8017,Charleston,Fort Lauderdale,2022-12-13
,,,,,F3482,Charleston,Orlando,2023-01-29
,,,,,Q2746,Charleston,St. Louis,2024-08-02
,,,,,G9968,Charleston,San Francisco,2024-07-10
Andrew Pacheco,San Diego,43,"Dallas, Tampa, Orlando, Fort Lauderdale, Pittsburgh",5,M3790,San Diego,Dallas,2022-12-16
,,,,,W2683,San Diego,Tampa,2024-08-17
,,,,,B8365,San Diego,Orlando,2022-10-04
,,,,,V4630,San Diego,Fort Lauderdale,2023-03-11
,,,,,S9271,San Diego,Pittsburgh,2022-10-24
Tyler Barr,St. Petersburg,47,Lyon,1,N2366,St. Petersburg,Lyon,2024-02-24
James Callahan,Lyon,39,"Bologna, Seville",2,B3225,Lyon,Bologna,2024-01-09
,,,,,S7606,Lyon,Seville,2024-07-20
Christopher Kim,Milan,29,Berlin,1,O8185,Milan,Berlin,2023-01-22
Daniel Kelly,Athens,30,"Stockholm, Rome, Moscow, Dubrovnik, Salzburg",5,W6367,Athens,Stockholm,2024-01-25
,,,,,O7687,Athens,Rome,2024-04-30
,,,,,K1169,Athens,Moscow,2023-04-08
,,,,,E2228,Athens,Dubrovnik,2024-08-17
,,,,,V3544,Athens,Salzburg,2022-09-17
Andrea Snyder,Rome,36,"Naples, Bologna, Tallinn, Edinburgh, Athens",5,O3444,Rome,Naples,2024-03-23
,,,,,P9541,Rome,Bologna,2023-05-14
,,,,,G4948,Rome,Tallinn,2023-08-10
,,,,,E4284,Rome,Edinburgh,2022-09-06
,,,,,C5293,Rome,Athens,2024-05-04
Kenneth Hogan,Florence,57,Rome,1,P8573,Florence,Rome,2022-11-30
Bryan Young,Stockholm,37,"Lyon, Zurich, Minneapolis, Moscow",4,X7261,Stockholm,Lyon,2023-05-08
,,,,,F5535,Stockholm,Zurich,2023-08-02
,,,,,Z5571,Stockholm,Minneapolis,2023-08-09
,,,,,X9558,Stockholm,Moscow,2023-12-27
Nicholas Young,Cincinnati,41,"Salzburg, Charleston, Cincinnati, Washington, Milwaukee",5,C6043,Cincinnati,Salzburg,2022-11-16
,,,,,C1560,Cincinnati,Charleston,2023-11-27
,,,,,O9356,Cincinnati,Cincinnati,2023-02-12
,,,,,K2755,Cincinnati,Washington,2022-09-08
,,,,,X4997,Cincinnati,Milwaukee,2024-06-07
Rachel Mayo,Dublin,72,Florence,1,I1136,Dublin,Florence,2024-05-11
Crystal Mccoy,Charlotte,43,"Richmond, Newport",2,T2310,Charlotte,Richmond,2023-08-07
,,,,,P5971,Charlotte,Newport,2022-12-20
Katie Fowler,Las Vegas,57,"Charleston, Jacksonville, Nashville, Savannah, Richmond",5,P6691,Las Vegas,Charleston,2023-03-25
,,,,,Z7093,Las Vegas,Jacksonville,2023-03-14
,,,,,L8658,Las Vegas,Nashville,2023-06-18
,,,,,I7099,Las Vegas,Savannah,2023-07-12
,,,,,X4003,Las Vegas,Richmond,2024-08-05
Jonathan James,Key West,36,"San Diego, Atlanta, Minneapolis, Austin, San Antonio",5,H5670,Key West,San Diego,2024-04-30
,,,,,M4853,Key West,Atlanta,2024-03-03
,,,,,Q2492,Key West,Minneapolis,2023-02-27
,,,,,U9188,Key West,Austin,2023-09-21
,,,,,A2028,Key West,San Antonio,2024-03-30
Carrie Powell,Florence,27,Florence,1,W8161,Florence,Florence,2024-01-21
Crystal Brewer,Orlando,73,"Savannah, Savannah, Providence, Asheville, Austin",5,B5449,Orlando,Savannah,2024-03-21
,,,,,T1098,Orlando,Savannah,2024-02-29
,,,,,A6811,Orlando,Providence,2023-07-12
,,,,,E2378,Orlando,Asheville,2023-07-07
,,,,,J2380,Orlando,Austin,2023-01-27
Miguel Murphy,Los Angeles,20,Milwaukee,1,D6390,Los Angeles,Milwaukee,2023-03-14
Christopher Gonzalez,Sedona,58,"Fort Lauderdale, Salt Lake City",2,N9530,Sedona,Fort Lauderdale,2024-03-22
,,,,,V3704,Sedona,Salt Lake City,2023-08-08
Gabriel Martinez,Salt Lake City,74,Richmond,1,P5580,Salt Lake City,Richmond,2023-12-15
David Terrell,Kansas City,66,"Phoenix, Savannah, San Antonio, Austin",4,C2432,Kansas City,Phoenix,2024-01-15
,,,,,G7986,Kansas City,Savannah,2022-09-21
,,,,,R2853,Kansas City,San Antonio,2023-05-23
,,,,,V3725,Kansas City,Austin,2024-04-28
Sandra Salinas,Brussels,53,"Munich, Cologne, Munich, Valencia, Venice",5,S1981,Brussels,Munich,2023-09-15
,,,,,P5944,Brussels,Cologne,2023-05-31
,,,,,L7698,Brussels,Munich,2024-01-14
,,,,,U2944,Brussels,Valencia,2024-06-22
,,,,,L2691,Brussels,Venice,2022-12-31
Keith Castillo,Denver,50,"Kansas City, San Diego, Nashville, Philadelphia, Richmond",5,V3614,Denver,Kansas City,2023-04-26
,,,,,E6305,Denver,San Diego,2023-10-06
,,,,,R8486,Denver,Nashville,2024-06-13
,,,,,F1911,Denver,Philadelphia,2024-06-08
,,,,,M9223,Denver,Richmond,2024-05-16
Brittany Morris MD,Denver,65,"San Diego, Milwaukee, Sacramento, San Jose",4,O4016,Denver,San Diego,2022-10-31
,,,,,S1809,Denver,Milwaukee,2023-12-10
,,,,,S6890,Denver,Sacramento,2024-02-12
,,,,,P3762,Denver,San Jose,2023-07-12
Nicholas Williams,Pittsburgh,48,"New Orleans, Orlando, Orlando, Tampa",4,X7910,Pittsburgh,New Orleans,2023-11-07
,,,,,I5623,Pittsburgh,Orlando,2023-03-20
,,,,,C8238,Pittsburgh,Orlando,2023-12-03
,,,,,G7944,Pittsburgh,Tampa,2023-10-28
Samuel Price,Phoenix,58,"Kansas City, Kansas City, Savannah, Las Vegas, Providence",5,C8876,Phoenix,Kansas City,2023-06-06
,,,,,W9192,Phoenix,Kansas City,2024-04-15
,,,,,H1580,Phoenix,Savannah,2023-09-03
,,,,,U9083,Phoenix,Las Vegas,2022-12-17
,,,,,Z6370,Phoenix,Providence,2024-02-02
Bryce Jones,Key West,43,"Indianapolis, Denver",2,J1238,Key West,Indianapolis,2022-10-20
,,,,,D6559,Key West,Denver,2022-12-14
Robert Cook,Reykjavik,30,"Oslo, Moscow",2,J5580,Reykjavik,Oslo,2024-05-05
,,,,,W9764,Reykjavik,Moscow,2023-01-18
Michael Farley,Istanbul,31,Marseille,1,X3103,Istanbul,Marseille,2024-07-20
Rebecca Hood,Charlotte,54,"Scottsdale, Savannah, Richmond",3,C7295,Charlotte,Scottsdale,2023-12-01
,,,,,V4450,Charlotte,Savannah,2024-05-24
,,,,,G8100,Charlotte,Richmond,2023-06-30
Chloe Salazar,St. Louis,27,"Nashville, Honolulu",2,W7126,St. Louis,Nashville,2023-07-30
,,,,,V1659,St. Louis,Honolulu,2023-07-24
Colleen Jones,Luxembourg,68,Madrid,1,S6736,Luxembourg,Madrid,2022-09-20
Rhonda Fowler,Honolulu,19,"Key West, Dubrovnik, San Antonio, Philadelphia, San Francisco",5,R6446,Honolulu,Key West,2023-12-14
,,,,,M7912,Honolulu,Dubrovnik,2023-09-09
,,,,,X3744,Honolulu,San Antonio,2023-08-31
,,,,,N1148,Honolulu,Philadelphia,2023-05-22
,,,,,O1075,Honolulu,San Francisco,2024-02-13
Kristin Smith,Salt Lake City,28,"Salt Lake City, Dublin, Phoenix",3,J8955,Salt Lake City,Salt Lake City,2023-01-21
,,,,,K5132,Salt Lake City,Dublin,2022-09-26
,,,,,G4175,Salt Lake City,Phoenix,2024-03-28
Thomas Brown,Milan,25,"Lyon, Rome",2,V3351,Milan,Lyon,2023-06-13
,,,,,C8363,Milan,Rome,2023-10-19
Alexander Walters,Los Angeles,68,"Los Angeles, San Antonio",2,J3003,Los Angeles,Los Angeles,2023-06-04
,,,,,V1384,Los Angeles,San Antonio,2023-02-27
Joseph Howell,Tampa,57,Atlanta,1,V2961,Tampa,Atlanta,2024-06-08
Kathryn Johnson,Porto,32,"Zurich, Moscow",2,W1293,Porto,Zurich,2023-05-02
,,,,,S4862,Porto,Moscow,2022-09-20
Rachel Obrien,Bologna,72,"Budapest, Amsterdam, Milan, Moscow",4,V2121,Bologna,Budapest,2024-01-17
,,,,,Y4494,Bologna,Amsterdam,2023-02-09
,,,,,P7921,Bologna,Milan,2023-07-03
,,,,,K4271,Bologna,Moscow,2023-02-01
Jose Johnston,Portland,66,"Portland, Savannah, Seattle, Savannah, Tampa",5,P7211,Portland,Portland,2024-07-15
,,,,,A3282,Portland,Savannah,2023-04-06
,,,,,E9407,Portland,Seattle,2022-12-12
,,,,,Y1725,Portland,Savannah,2024-01-18
,,,,,D8615,Portland,Tampa,2023-11-29
Shannon Ramirez,Newport,23,"Nashville, Washington, San Jose",3,L6564,Newport,Nashville,2023-03-09
,,,,,N8152,Newport,Washington,2024-01-25
,,,,,Y8808,Newport,San Jose,2023-03-22
Eric Cardenas,Paris,39,"Dublin, Geneva, Lisbon, San Diego, Edinburgh",5,W4400,Paris,Dublin,2022-09-30
,,,,,B2708,Paris,Geneva,2023-09-10
,,,,,X5052,Paris,Lisbon,2023-07-14
,,,,,P3451,Paris,San Diego,2022-11-25
,,,,,C2866,Paris,Edinburgh,2024-02-18
Jorge Ibarra,Tampa,54,Sacramento,1,W5528,Tampa,Sacramento,2024-06-27
Matthew Wilkinson,New York,35,"Charleston, Las Vegas, Santa Fe, San Diego",4,U2260,New York,Charleston,2024-04-04
,,,,,R4905,New York,Las Vegas,2022-12-09
,,,,,V6572,New York,Santa Fe,2023-04-24
,,,,,G7945,New York,San Diego,2023-11-15
Ashley Brown,Budapest,65,"Dubrovnik, Cologne, Barcelona",3,Y4684,Budapest,Dubrovnik,2024-06-18
,,,,,Z8751,Budapest,Cologne,2023-03-22
,,,,,T9472,Budapest,Barcelona,2023-01-09
Robert Miller,San Francisco,40,"Denver, Santa Fe, Milwaukee, Washington",4,T4911,San Francisco,Denver,2023-07-04
,,,,,G7843,San Francisco,Santa Fe,2024-02-20
,,,,,N5648,San Francisco,Milwaukee,2023-11-09
,,,,,Z8217,San Francisco,Washington,2023-04-03
Daniel Martinez,Bergen,55,"Naples, Nice",2,P1192,Bergen,Naples,2024-02-29
,,,,,K1442,Bergen,Nice,2022-09-08
Sean Hughes,San Jose,25,"Milwaukee, Houston, Dallas, San Diego, Charlotte",5,P6977,San Jose,Milwaukee,2023-10-03
,,,,,R1203,San Jose,Houston,2023-09-17
,,,,,F5151,San Jose,Dallas,2023-01-06
,,,,,O1085,San Jose,San Diego,2022-12-02
,,,,,N4081,San Jose,Charlotte,2023-08-01
Steven Cole,Stockholm,72,"Porto, Budapest, Madrid, Milan",4,M5731,Stockholm,Porto,2022-11-06
,,,,,M8268,Stockholm,Budapest,2024-06-27
,,,,,P2625,Stockholm,Madrid,2023-10-15
,,,,,O5123,Stockholm,Milan,2023-08-19
Dawn Gonzalez,Savannah,23,Salt Lake City,1,Q4224,Savannah,Salt Lake City,2023-05-26
Heather Lane,Ljubljana,56,"Bergen, Valencia",2,K2622,Ljubljana,Bergen,2023-04-01
,,,,,X9596,Ljubljana,Valencia,2024-08-06
Bradley Williams,Florence,23,"Brussels, Tampa, Florence",3,A2704,Florence,Brussels,2023-09-03
,,,,,H1643,Florence,Tampa,2024-05-06
,,,,,L1812,Florence,Florence,2024-06-27
William Washington,Orlando,28,Boston,1,U5805,Orlando,Boston,2024-03-13
Kenneth Schultz,Scottsdale,26,"Scottsdale, Santa Fe, Fort Lauderdale, Washington",4,Z1840,Scottsdale,Scottsdale,2024-04-20
,,,,,I7775,Scottsdale,Santa Fe,2023-12-31
,,,,,D8296,Scottsdale,Fort Lauderdale,2024-01-07
,,,,,K3920,Scottsdale,Washington,2023-02-02
Ronald Carlson,Kansas City,25,"Sacramento, Miami, Atlanta, Sacramento, Nashville",5,X9855,Kansas City,Sacramento,2022-10-26
,,,,,A7503,Kansas City,Miami,2024-04-20
,,,,,N5321,Kansas City,Atlanta,2023-03-28
,,,,,C1326,Kansas City,Sacramento,2023-10-02
,,,,,Z1071,Kansas City,Nashville,2024-08-03
Brent Carter,Porto,74,Lyon,1,M6541,Porto,Lyon,2024-03-30
Jonathan Browning,Minneapolis,60,"Newport, Portland, Las Vegas, Los Angeles",4,P6339,Minneapolis,Newport,2022-12-05
,,,,,S8782,Minneapolis,Portland,2024-01-12
,,,,,A6688,Minneapolis,Las Vegas,2023-05-03
,,,,,G3376,Minneapolis,Los Angeles,2023-04-09
Jason Montgomery,Stockholm,60,"Honolulu, Tallinn, Munich",3,Y9288,Stockholm,Honolulu,2022-09-01
,,,,,U7865,Stockholm,Tallinn,2023-01-25
,,,,,V4295,Stockholm,Munich,2023-11-06
Dalton Martinez,Miami,55,"Cincinnati, New Orleans, Providence",3,Q1855,Miami,Cincinnati,2023-10-20
,,,,,X7889,Miami,New Orleans,2024-04-09
,,,,,B7825,Miami,Providence,2024-08-10
Katrina Garcia,Sacramento,25,Seattle,1,F8167,Sacramento,Seattle,2022-10-06
Kirk Hickman,Paris,74,"Berlin, Warsaw, Vienna",3,U2775,Paris,Berlin,2024-01-21
,,,,,N6934,Paris,Warsaw,2024-07-30
,,,,,D2549,Paris,Vienna,2024-02-01
Bradley Davidson,Bologna,66,"Paris, Athens, Seville, Florence, Munich",5,K1337,Bologna,Paris,2023-11-07
,,,,,J4437,Bologna,Athens,2024-01-05
,,,,,L9405,Bologna,Seville,2022-08-29
,,,,,N5185,Bologna,Florence,2023-06-17
,,,,,V8094,Bologna,Munich,2022-11-20
Crystal Berry,Prague,64,Istanbul,1,G5697,Prague,Istanbul,2023-04-18
Jennifer Haley,Nice,35,"Madrid, Vienna, Marseille, Brussels, St. Petersburg",5,Z1643,Nice,Madrid,2023-04-20
,,,,,R5199,Nice,Vienna,2023-10-29
,,,,,G6862,Nice,Marseille,2023-04-17
,,,,,H4812,Nice,Brussels,2023-12-20
,,,,,G9401,Nice,St. Petersburg,2024-01-08
Anthony Fields,Salt Lake City,40,"Nashville, Miami, Washington, St. Louis",4,U8441,Salt Lake City,Nashville,2024-06-06
,,,,,S7442,Salt Lake City,Miami,2022-12-20
,,,,,J9313,Salt Lake City,Washington,2024-06-01
,,,,,L6935,Salt Lake City,St. Louis,2023-10-02
Angie Rivas,Edinburgh,24,"Gothenburg, Reykjavik, Milan",3,M4956,Edinburgh,Gothenburg,2022-10-24
,,,,,G2887,Edinburgh,Reykjavik,2022-11-25
,,,,,W5258,Edinburgh,Milan,2023-04-09
Sydney Davidson,Gothenburg,66,"London, Ljubljana",2,X4398,Gothenburg,London,2023-07-07
,,,,,B6928,Gothenburg,Ljubljana,2024-08-07
Caleb Webb,Brussels,18,"Munich, Copenhagen, Edinburgh",3,W9855,Brussels,Munich,2023-10-31
,,,,,A7715,Brussels,Copenhagen,2023-11-12
,,,,,K4367,Brussels,Edinburgh,2022-12-18
Courtney Hill,Jacksonville,72,Orlando,1,D1489,Jacksonville,Orlando,2023-05-27
Angela Adams,Richmond,38,Krakow,1,R1975,Richmond,Krakow,2023-03-16
Robert Calderon,New York,47,"Honolulu, Atlanta, Savannah, New York",4,V7331,New York,Honolulu,2024-01-07
,,,,,H6568,New York,Atlanta,2024-02-04
,,,,,H8842,New York,Savannah,2024-02-28
,,,,,I3651,New York,New York,2024-08-18
Melissa Phillips,Amsterdam,55,"Philadelphia, Bologna, Seville",3,G4838,Amsterdam,Philadelphia,2024-01-08
,,,,,H2949,Amsterdam,Bologna,2022-09-08
,,,,,R3233,Amsterdam,Seville,2022-09-05
Paul Cortez,Denver,53,"San Diego, Austin",2,O6876,Denver,San Diego,2023-04-15
,,,,,S2097,Denver,Austin,2024-02-01
Amanda Dixon,Indianapolis,33,"Sedona, Florence",2,K6963,Indianapolis,Sedona,2023-06-16
,,,,,W6165,Indianapolis,Florence,2023-08-26
David Davis,Washington,65,"Dallas, Chicago, Boston, Providence, Austin",5,E3741,Washington,Dallas,2023-10-04
,,,,,F4003,Washington,Chicago,2023-02-22
,,,,,G2322,Washington,Boston,2022-10-30
,,,,,C3448,Washington,Providence,2022-11-18
,,,,,B6532,Washington,Austin,2023-07-22
Joseph Davis,Washington,74,"Salt Lake City, Fort Lauderdale, Providence, Los Angeles, Portland",5,A1852,Washington,Salt Lake City,2024-03-19
,,,,,G1448,Washington,Fort Lauderdale,2023-07-04
,,,,,O1348,Washington,Providence,2024-04-16
,,,,,A5282,Washington,Los Angeles,2023-10-27
,,,,,Q9605,Washington,Portland,2024-03-05
William Parker,Phoenix,34,"Charleston, New York, Key West, Boston",4,J6533,Phoenix,Charleston,2023-08-21
,,,,,H6596,Phoenix,New York,2023-04-30
,,,,,J3715,Phoenix,Key West,2023-10-08
,,,,,Z7785,Phoenix,Boston,2024-02-02
Jeffrey Rangel,Savannah,73,"Savannah, Honolulu, Minneapolis, Savannah, Houston",5,V4208,Savannah,Savannah,2024-02-22
,,,,,P7373,Savannah,Honolulu,2023-10-31
,,,,,O1442,Savannah,Minneapolis,2023-05-09
,,,,,X2633,Savannah,Savannah,2023-08-23
,,,,,N2844,Savannah,Houston,2023-01-15
Kathy Garcia,Gothenburg,23,"Tallinn, Madrid",2,W5925,Gothenburg,Tallinn,2023-02-12
,,,,,B4061,Gothenburg,Madrid,2024-02-15
Kristina Richards,Reykjavik,54,Dubrovnik,1,P1975,Reykjavik,Dubrovnik,2023-11-07
Mark Johnson,Krakow,31,"Istanbul, Florence, Stockholm",3,P3414,Krakow,Istanbul,2022-11-25
,,,,,J5702,Krakow,Florence,2023-01-06
,,,,,Y6993,Krakow,Stockholm,2023-04-08
Reginald White,Houston,40,"Miami, Providence, New York, Kansas City",4,K1069,Houston,Miami,2024-05-07
,,,,,Q5167,Houston,Providence,2023-05-28
,,,,,I9674,Houston,New York,2022-10-25
,,,,,C3844,Houston,Kansas City,2023-07-22
Robert Flynn,Boston,20,"Salt Lake City, Scottsdale, San Diego",3,A4252,Boston,Salt Lake City,2023-04-13
,,,,,I6328,Boston,Scottsdale,2023-02-04
,,,,,U6705,Boston,San Diego,2022-10-29
Kevin Cooper,Athens,56,"Istanbul, Florence",2,W8899,Athens,Istanbul,2022-11-17
,,,,,Z1030,Athens,Florence,2024-08-24
Amanda Davis,Berlin,63,"Naples, Athens, Bordeaux",3,E5933,Berlin,Naples,2022-10-30
,,,,,O7399,Berlin,Athens,2024-01-17
,,,,,O4740,Berlin,Bordeaux,2024-02-09
Kristin Mitchell,Dallas,68,"Philadelphia, Marseille, Minneapolis, Miami",4,M8058,Dallas,Philadelphia,2022-09-02
,,,,,K2493,Dallas,Marseille,2024-04-20
,,,,,W6066,Dallas,Minneapolis,2022-09-03
,,,,,R2931,Dallas,Miami,2022-09-30
Daniel Cooper,Stockholm,38,Krakow,1,P1999,Stockholm,Krakow,2023-12-27
Jacob Harmon,Lisbon,53,"Dubrovnik, Budapest, Portland, Pittsburgh",4,I1794,Lisbon,Dubrovnik,2024-04-08
,,,,,D5927,Lisbon,Budapest,2024-05-25
,,,,,X7358,Lisbon,Portland,2022-12-10
,,,,,I2580,Lisbon,Pittsburgh,2023-02-03
Matthew Faulkner,Jacksonville,44,Sedona,1,L2663,Jacksonville,Sedona,2024-05-22
James Ponce,Lisbon,31,Boston,1,X7499,Lisbon,Boston,2024-05-12
Lauren Martin,San Francisco,42,"Boston, Orlando, Dallas, Jacksonville, Houston",5,O5886,San Francisco,Boston,2023-10-08
,,,,,R6590,San Francisco,Orlando,2024-08-02
,,,,,Y2411,San Francisco,Dallas,2023-01-31
,,,,,N9353,San Francisco,Jacksonville,2024-02-08
,,,,,O7026,San Francisco,Houston,2023-05-21
Richard Jordan,Miami,47,"Jacksonville, St. Louis, Tampa, Newport, Denver",5,M5640,Miami,Jacksonville,2023-07-12
,,,,,B2374,Miami,St. Louis,2023-09-02
,,,,,U5486,Miami,Tampa,2023-03-12
,,,,,X8924,Miami,Newport,2023-11-26
,,,,,L9401,Miami,Denver,2023-06-23
Stacey Silva,Sedona,19,"Minneapolis, Portland",2,F5798,Sedona,Minneapolis,2023-09-10
,,,,,F7414,Sedona,Portland,2023-04-19
Drew Smith,Houston,33,"Austin, Boston",2,C6391,Houston,Austin,2023-08-26
,,,,,N6465,Houston,Boston,2023-07-13
Susan Ross,Austin,23,Milwaukee,1,E2086,Austin,Milwaukee,2023-03-24
Amy Thomas,Jacksonville,59,Tampa,1,A7993,Jacksonville,Tampa,2024-06-09
Melissa Lopez,Las Vegas,32,Tampa,1,V3708,Las Vegas,Tampa,2023-08-04
Mark Costa,Oklahoma City,50,"Kansas City, Oklahoma City, Tampa",3,E1185,Oklahoma City,Kansas City,2024-06-16
,,,,,B7049,Oklahoma City,Oklahoma City,2022-12-21
,,,,,S4116,Oklahoma City,Tampa,2024-08-11
Matthew Clark,Paris,71,"Dublin, Dubrovnik, Athens, Moscow",4,N5616,Paris,Dublin,2023-11-25
,,,,,H8466,Paris,Dubrovnik,2022-12-08
,,,,,V3061,Paris,Athens,2023-08-16
,,,,,W4524,Paris,Moscow,2023-02-04
Katherine Marshall,St. Louis,69,"Sedona, Washington",2,Z5400,St. Louis,Sedona,2024-07-21
,,,,,M1275,St. Louis,Washington,2024-05-09
Mary Morris,Prague,31,"Stockholm, Lyon, Bergen, Florence, Prague",5,F7957,Prague,Stockholm,2023-02-16
,,,,,S9467,Prague,Lyon,2023-09-29
,,,,,P3743,Prague,Bergen,2023-03-30
,,,,,I8268,Prague,Florence,2024-02-28
,,,,,E1498,Prague,Prague,2024-08-12
Ralph Nelson,Nashville,68,"Denver, New Orleans, Helsinki",3,K5511,Nashville,Denver,2023-10-01
,,,,,Q7685,Nashville,New Orleans,2022-09-26
,,,,,C7627,Nashville,Helsinki,2022-10-04
Lisa Montgomery,Copenhagen,62,"Bordeaux, Bordeaux, Moscow, Madrid, Ljubljana",5,W4685,Copenhagen,Bordeaux,2023-12-24
,,,,,Y2698,Copenhagen,Bordeaux,2023-02-24
,,,,,Q9498,Copenhagen,Moscow,2023-01-04
,,,,,S9580,Copenhagen,Madrid,2023-07-12
,,,,,Y1192,Copenhagen,Ljubljana,2022-11-25
Laurie Chavez,Edinburgh,34,"Bologna, Copenhagen, Bergen, Valencia, Lisbon",5,W4586,Edinburgh,Bologna,2023-06-03
,,,,,D8598,Edinburgh,Copenhagen,2022-12-13
,,,,,B2052,Edinburgh,Bergen,2022-12-20
,,,,,E7178,Edinburgh,Valencia,2024-01-05
,,,,,P2050,Edinburgh,Lisbon,2022-08-27
Eric Flores,Providence,64,Atlanta,1,Y6112,Providence,Atlanta,2023-01-21
Matthew Smith,Geneva,60,Venice,1,B5216,Geneva,Venice,2023-07-14
Justin Barnett,Milwaukee,43,"Jacksonville, Las Vegas, Austin",3,V9102,Milwaukee,Jacksonville,2024-03-16
,,,,,O2144,Milwaukee,Las Vegas,2022-08-31
,,,,,A7581,Milwaukee,Austin,2023-06-18
Elizabeth Hall,Nice,19,"Warsaw, Venice",2,W7762,Nice,Warsaw,2022-08-27
,,,,,J7431,Nice,Venice,2024-02-11
Austin Adams,Seattle,23,Los Angeles,1,N4041,Seattle,Los Angeles,2023-01-20
Robert Hanna,London,54,"Athens, Naples, Dublin",3,E6730,London,Athens,2024-04-26
,,,,,Z8967,London,Naples,2023-11-29
,,,,,O3927,London,Dublin,2023-06-02
Robert Foster,Geneva,37,Nice,1,X8476,Geneva,Nice,2024-03-23
Elizabeth Smith,Budapest,42,Berlin,1,K6000,Budapest,Berlin,2023-09-26
Chloe Smith,Miami,18,"Las Vegas, Pittsburgh, New Orleans, Cincinnati",4,A6146,Miami,Las Vegas,2023-08-10
,,,,,S6130,Miami,Pittsburgh,2023-11-11
,,,,,E1114,Miami,New Orleans,2023-03-07
,,,,,J7039,Miami,Cincinnati,2022-12-25
Donald Porter,Milan,61,"Helsinki, Florence, Milan",3,O2611,Milan,Helsinki,2023-03-05
,,,,,G2280,Milan,Florence,2023-10-21
,,,,,N3614,Milan,Milan,2024-01-17
Ashley Bailey,Indianapolis,47,"Dallas, Denver",2,R6339,Indianapolis,Dallas,2024-01-03
,,,,,I8693,Indianapolis,Denver,2022-10-16
Theresa Patterson,Baltimore,19,"Honolulu, Orlando, St. Louis, Las Vegas",4,C1911,Baltimore,Honolulu,2024-05-04
,,,,,L8523,Baltimore,Orlando,2024-08-05
,,,,,T2368,Baltimore,St. Louis,2022-12-07
,,,,,R2600,Baltimore,Las Vegas,2023-04-18
Elizabeth Hill,Gothenburg,72,"Lyon, Reykjavik, Stockholm",3,K4564,Gothenburg,Lyon,2022-11-06
,,,,,K4317,Gothenburg,Reykjavik,2024-04-20
,,,,,R6129,Gothenburg,Stockholm,2023-01-27
Mark Delgado,Krakow,22,"Barcelona, Stockholm, Krakow, Nice, Valencia",5,J2478,Krakow,Barcelona,2024-04-20
,,,,,D7206,Krakow,Stockholm,2024-06-10
,,,,,G8174,Krakow,Krakow,2023-06-08
,,,,,O3692,Krakow,Nice,2024-07-08
,,,,,O5187,Krakow,Valencia,2024-04-09
Ralph Contreras,Sedona,66,"Baltimore, Austin, Providence, Key West, Washington",5,G2392,Sedona,Baltimore,2023-04-16
,,,,,T9102,Sedona,Austin,2023-04-04
,,,,,Y9674,Sedona,Providence,2024-02-18
,,,,,G7061,Sedona,Key West,2024-06-16
,,,,,J7685,Sedona,Washington,2024-05-23
Lauren Garza,Tallinn,38,Zurich,1,D4207,Tallinn,Zurich,2024-03-22
Donald Fisher,Savannah,50,"Tampa, Sedona, Nashville, Portland",4,C4460,Savannah,Tampa,2022-12-15
,,,,,H7655,Savannah,Sedona,2023-08-21
,,,,,L6184,Savannah,Nashville,2022-09-04
,,,,,C6543,Savannah,Portland,2023-09-17
John Clark,Oslo,45,"Bratislava, London, Nice, Stockholm",4,H1207,Oslo,Bratislava,2023-10-08
,,,,,I8697,Oslo,London,2023-04-04
,,,,,A7766,Oslo,Nice,2023-07-26
,,,,,B1143,Oslo,Stockholm,2024-04-14
Brian Burke,Richmond,25,"Cincinnati, Nashville, Boston, Sacramento, Atlanta",5,T3227,Richmond,Cincinnati,2024-06-05
,,,,,P3097,Richmond,Nashville,2023-06-12
,,,,,H1462,Richmond,Boston,2024-01-28
,,,,,C3606,Richmond,Sacramento,2024-06-19
,,,,,Z7625,Richmond,Atlanta,2023-04-24
Brittany Wood,Indianapolis,41,"San Diego, San Francisco",2,B7103,Indianapolis,San Diego,2023-11-03
,,,,,U7514,Indianapolis,San Francisco,2024-03-08
John Hanson,Lyon,65,"Valencia, Naples, Athens, Tallinn",4,M6445,Lyon,Valencia,2023-02-15
,,,,,O5333,Lyon,Naples,2024-07-18
,,,,,L6395,Lyon,Athens,2024-02-04
,,,,,G8167,Lyon,Tallinn,2024-04-20
Bobby Ortiz,Boston,25,"Indianapolis, Milwaukee, Cincinnati, Portland, Charlotte",5,V3201,Boston,Indianapolis,2023-01-29
,,,,,D9538,Boston,Milwaukee,2023-10-06
,,,,,Y7194,Boston,Cincinnati,2023-07-21
,,,,,D7125,Boston,Portland,2024-08-13
,,,,,U5030,Boston,Charlotte,2023-07-22
Nicole Carney,Edinburgh,65,"Geneva, Seville, Key West, Moscow",4,A8577,Edinburgh,Geneva,2024-02-07
,,,,,F1031,Edinburgh,Seville,2024-06-02
,,,,,L4723,Edinburgh,Key West,2022-10-06
,,,,,J2742,Edinburgh,Moscow,2023-06-19
Mrs. Donna Williams MD,Baltimore,34,"Jacksonville, Cincinnati, Savannah, Boston, Jacksonville",5,F2337,Baltimore,Jacksonville,2024-08-09
,,,,,T5035,Baltimore,Cincinnati,2024-03-19
,,,,,Q7625,Baltimore,Savannah,2023-12-17
,,,,,N4535,Baltimore,Boston,2023-10-16
,,,,,Y7822,Baltimore,Jacksonville,2023-10-14
Darlene Alexander,Milan,75,"Rome, Marseille, Baltimore, Luxembourg, Budapest",5,A9090,Milan,Rome,2024-03-05
,,,,,C5563,Milan,Marseille,2024-04-25
,,,,,D7432,Milan,Baltimore,2023-08-04
,,,,,S8040,Milan,Luxembourg,2024-05-18
,,,,,P4389,Milan,Budapest,2023-01-08
Mario Cooper,Tallinn,22,Prague,1,D6488,Tallinn,Prague,2023-01-18
Audrey Pittman,Budapest,62,"Paris, Copenhagen, Barcelona, Gothenburg, Bordeaux",5,S9947,Budapest,Paris,2023-01-02
,,,,,L7567,Budapest,Copenhagen,2022-11-14
,,,,,Q1451,Budapest,Barcelona,2023-12-26
,,,,,G8623,Budapest,Gothenburg,2023-10-24
,,,,,J8001,Budapest,Bordeaux,2022-09-16
Rebecca Bonilla,Zurich,53,"Seville, Moscow",2,L2983,Zurich,Seville,2023-03-26
,,,,,L4597,Zurich,Moscow,2024-02-04
Rachel Shepard,Miami,18,Providence,1,J9228,Miami,Providence,2022-11-13
Rachel Evans,Indianapolis,46,Austin,1,A1283,Indianapolis,Austin,2024-03-21
Kimberly Hamilton,Dubrovnik,32,"Salzburg, Milan, Copenhagen",3,J2640,Dubrovnik,Salzburg,2023-10-04
,,,,,X1455,Dubrovnik,Milan,2022-12-04
,,,,,X4360,Dubrovnik,Copenhagen,2023-05-15
Deborah Stevens,Cologne,43,"Dublin, Edinburgh, Stockholm",3,D9944,Cologne,Dublin,2023-03-24
,,,,,G7218,Cologne,Edinburgh,2024-08-03
,,,,,G5807,Cologne,Stockholm,2022-12-23
Debra Diaz,Bergen,65,"Geneva, Paris, Venice",3,B4450,Bergen,Geneva,2023-03-20
,,,,,X8104,Bergen,Paris,2022-10-21
,,,,,R6331,Bergen,Venice,2022-08-31
Jane Martin,Dallas,25,"Orlando, Santa Fe",2,G6316,Dallas,Orlando,2024-08-24
,,,,,G6397,Dallas,Santa Fe,2023-09-07
Amy Page,San Jose,51,"Orlando, San Antonio, Fort Lauderdale, Houston",4,M5280,San Jose,Orlando,2023-02-17
,,,,,L9786,San Jose,San Antonio,2024-06-12
,,,,,W9357,San Jose,Fort Lauderdale,2023-09-17
,,,,,P9057,San Jose,Houston,2024-04-14
Lisa Newman,Chicago,24,"Richmond, Fort Lauderdale, St. Louis, New York, Newport",5,O6892,Chicago,Richmond,2023-10-17
,,,,,X2038,Chicago,Fort Lauderdale,2023-07-08
,,,,,W9722,Chicago,St. Louis,2024-07-29
,,,,,R6515,Chicago,New York,2023-11-02
,,,,,X6432,Chicago,Newport,2022-12-16
Charlene Black,Charleston,32,Houston,1,W3633,Charleston,Houston,2022-08-29
Elizabeth Perez,Oslo,63,"Ljubljana, Bordeaux",2,R9745,Oslo,Ljubljana,2023-09-12
,,,,,H8764,Oslo,Bordeaux,2024-04-17
Joseph Hooper DVM,Phoenix,64,"Budapest, St. Louis",2,Y5364,Phoenix,Budapest,2024-05-27
,,,,,O5368,Phoenix,St. Louis,2023-12-23
Joseph Ramos,Los Angeles,22,"Dallas, Charleston, Jacksonville, Nashville, Houston",5,C4881,Los Angeles,Dallas,2023-03-01
,,,,,I9332,Los Angeles,Charleston,2024-07-18
,,,,,L5299,Los Angeles,Jacksonville,2023-10-21
,,,,,D3055,Los Angeles,Nashville,2023-08-25
,,,,,F7066,Los Angeles,Houston,2023-05-20
Brian Blake,Seville,46,"Bergen, St. Petersburg, Seville, Geneva",4,I6509,Seville,Bergen,2023-10-03
,,,,,E6868,Seville,St. Petersburg,2023-11-07
,,,,,O3654,Seville,Seville,2024-04-19
,,,,,O6209,Seville,Geneva,2023-11-03
James Nunez,New York,40,"Indianapolis, San Diego, Las Vegas",3,F1458,New York,Indianapolis,2023-01-15
,,,,,J9851,New York,San Diego,2023-04-27
,,,,,I6127,New York,Las Vegas,2024-02-24
Tracey Schultz,Florence,47,"Naples, Bratislava",2,I7553,Florence,Naples,2024-03-15
,,,,,X3116,Florence,Bratislava,2023-05-06
Bobby Griffith,Los Angeles,53,Denver,1,P9148,Los Angeles,Denver,2022-12-16
Mark King,Bologna,61,"Munich, Bergen, Cologne, Barcelona",4,L4236,Bologna,Munich,2024-06-30
,,,,,U1402,Bologna,Bergen,2024-06-02
,,,,,F5418,Bologna,Cologne,2023-11-20
,,,,,K4294,Bologna,Barcelona,2023-07-13
Lisa Love,Seville,62,"Gothenburg, Paris, Berlin, Istanbul",4,M4055,Seville,Gothenburg,2024-07-03
,,,,,B8201,Seville,Paris,2023-08-30
,,,,,D8283,Seville,Berlin,2022-10-12
,,,,,L3552,Seville,Istanbul,2022-12-25
Jamie Perry,New Orleans,39,"St. Louis, Fort Lauderdale",2,R6192,New Orleans,St. Louis,2023-04-23
,,,,,K4561,New Orleans,Fort Lauderdale,2024-02-15
Darlene Yates,Lisbon,22,"Oslo, Bergen, Nice",3,P5730,Lisbon,Oslo,2022-11-12
,,,,,N4661,Lisbon,Bergen,2023-11-08
,,,,,J4950,Lisbon,Nice,2023-11-17
David Frazier,San Antonio,56,"Indianapolis, Pittsburgh, Pittsburgh, Indianapolis, Newport",5,X6423,San Antonio,Indianapolis,2024-05-30
,,,,,V6275,San Antonio,Pittsburgh,2022-10-09
,,,,,P1570,San Antonio,Pittsburgh,2023-02-14
,,,,,G9036,San Antonio,Indianapolis,2023-05-12
,,,,,F9763,San Antonio,Newport,2024-05-01
Summer Brown,Paris,58,"Minneapolis, Copenhagen, Stockholm",3,P2817,Paris,Minneapolis,2024-08-18
,,,,,X9445,Paris,Copenhagen,2023-04-11
,,,,,N9689,Paris,Stockholm,2023-09-09
Kimberly Mcclain,Paris,63,"Florence, Stockholm, Geneva, London",4,L3477,Paris,Florence,2022-12-22
,,,,,S4210,Paris,Stockholm,2023-07-09
,,,,,P6119,Paris,Geneva,2023-10-11
,,,,,Z6324,Paris,London,2023-02-15
John Murphy,Lyon,61,"Copenhagen, Copenhagen, Prague",3,V6442,Lyon,Copenhagen,2024-04-29
,,,,,L9521,Lyon,Copenhagen,2022-12-31
,,,,,T2986,Lyon,Prague,2023-09-16
Corey Lane,Chicago,21,"Florence, Key West",2,G2430,Chicago,Florence,2024-01-01
,,,,,C6509,Chicago,Key West,2023-08-09
Sheila Parks,Warsaw,69,"Venice, Kansas City, Helsinki, Tallinn, Naples",5,Z6226,Warsaw,Venice,2023-05-10
,,,,,M8507,Warsaw,Kansas City,2023-07-21
,,,,,S7886,Warsaw,Helsinki,2022-10-09
,,,,,I9472,Warsaw,Tallinn,2023-06-03
,,,,,K9889,Warsaw,Naples,2022-12-12
Lynn Rodriguez,Salzburg,20,"Valencia, Seville",2,E6026,Salzburg,Valencia,2024-08-10
,,,,,S4366,Salzburg,Seville,2023-05-31
Wanda Weaver,Reykjavik,75,"Bordeaux, Brussels, Munich",3,Y7184,Reykjavik,Bordeaux,2023-05-30
,,,,,I3780,Reykjavik,Brussels,2023-08-10
,,,,,S5415,Reykjavik,Munich,2023-02-26
Derek Grant,Munich,58,"Reykjavik, Vienna, Venice, Bologna",4,E6970,Munich,Reykjavik,2024-03-27
,,,,,M1544,Munich,Vienna,2023-02-21
,,,,,V7325,Munich,Venice,2023-01-28
,,,,,K2695,Munich,Bologna,2024-07-27
Whitney Wheeler,Cincinnati,18,"Honolulu, Seattle, Milwaukee",3,N2259,Cincinnati,Honolulu,2023-03-03
,,,,,L6347,Cincinnati,Seattle,2024-01-25
,,,,,D1957,Cincinnati,Milwaukee,2023-05-05
Donna Garrett,Minneapolis,18,"Richmond, Savannah",2,I3813,Minneapolis,Richmond,2024-06-29
,,,,,X3096,Minneapolis,Savannah,2023-01-25
Bobby Weber,Denver,64,"Austin, Orlando, Scottsdale, Nashville, Austin",5,M2511,Denver,Austin,2023-11-25
,,,,,X4585,Denver,Orlando,2022-10-07
,,,,,A7919,Denver,Scottsdale,2024-06-14
,,,,,E3908,Denver,Nashville,2024-04-08
,,,,,Q8403,Denver,Austin,2023-04-24
Haley Mendoza,Charleston,41,"New York, Dallas, Baltimore",3,B7323,Charleston,New York,2024-05-31
,,,,,J1448,Charleston,Dallas,2024-07-31
,,,,,E1445,Charleston,Baltimore,2023-04-08
Samantha Bailey,Las Vegas,53,"Miami, Sacramento, Las Vegas, Newport, Milwaukee",5,M8543,Las Vegas,Miami,2024-04-13
,,,,,H4025,Las Vegas,Sacramento,2023-12-22
,,,,,G7156,Las Vegas,Las Vegas,2023-08-20
,,,,,P6549,Las Vegas,Newport,2022-11-05
,,,,,W1146,Las Vegas,Milwaukee,2023-04-30
Angela Mercer MD,Sacramento,25,"Philadelphia, San Diego, San Antonio, Miami, Fort Lauderdale",5,K1514,Sacramento,Philadelphia,2023-06-09
,,,,,P3421,Sacramento,San Diego,2022-08-29
,,,,,T3731,Sacramento,San Antonio,2022-12-19
,,,,,T9485,Sacramento,Miami,2022-11-15
,,,,,T5303,Sacramento,Fort Lauderdale,2023-07-16
George Gregory,Naples,59,"Warsaw, Bratislava, Oslo, Valencia",4,E3681,Naples,Warsaw,2023-07-09
,,,,,E2991,Naples,Bratislava,2023-01-04
,,,,,A1849,Naples,Oslo,2023-04-30
,,,,,V4277,Naples,Valencia,2022-09-25
Patricia Obrien,Fort Lauderdale,35,"Chicago, Vienna, Scottsdale",3,O8453,Fort Lauderdale,Chicago,2023-05-15
,,,,,K9267,Fort Lauderdale,Vienna,2024-04-09
,,,,,H3230,Fort Lauderdale,Scottsdale,2024-05-01
Nicole Smith,Gothenburg,45,"Naples, Zurich, Bratislava, Warsaw, Venice",5,P6911,Gothenburg,Naples,2023-03-21
,,,,,U4349,Gothenburg,Zurich,2024-03-03
,,,,,E6650,Gothenburg,Bratislava,2023-04-19
,,,,,F1764,Gothenburg,Warsaw,2024-06-24
,,,,,V5137,Gothenburg,Venice,2023-09-28
Dominic Patton,Oslo,60,Budapest,1,K9678,Oslo,Budapest,2023-07-26
Jeffrey Santiago,Reykjavik,59,Vienna,1,J3929,Reykjavik,Vienna,2024-02-29
Jennifer Morris,Valencia,46,"Stockholm, Cologne, Moscow, Zurich, Malaga",5,M1809,Valencia,Stockholm,2022-09-24
,,,,,P9679,Valencia,Cologne,2024-02-08
,,,,,U4430,Valencia,Moscow,2024-07-03
,,,,,N1083,Valencia,Zurich,2022-12-28
,,,,,H1965,Valencia,Malaga,2022-10-05
Eric Clayton,Indianapolis,59,Kansas City,1,Y3914,Indianapolis,Kansas City,2024-02-23
Courtney Elliott,Geneva,69,Dublin,1,V9193,Geneva,Dublin,2023-08-28
Noah Webster,Salzburg,48,"Edinburgh, Luxembourg, Seville",3,K3381,Salzburg,Edinburgh,2023-10-23
,,,,,B5215,Salzburg,Luxembourg,2023-11-04
,,,,,J8786,Salzburg,Seville,2023-12-10
James Rodriguez,Kansas City,69,Denver,1,O9758,Kansas City,Denver,2023-07-14
Connie Morrow,Seattle,41,"Miami, Key West, Key West, Baltimore, Fort Lauderdale",5,B8377,Seattle,Miami,2024-05-31
,,,,,R7179,Seattle,Key West,2023-11-21
,,,,,T7812,Seattle,Key West,2024-06-15
,,,,,F3878,Seattle,Baltimore,2023-08-13
,,,,,I2619,Seattle,Fort Lauderdale,2022-09-21
Dennis Oliver,London,21,"Edinburgh, Bologna, Cologne, Malaga, Malaga",5,X7281,London,Edinburgh,2023-11-23
,,,,,E3325,London,Bologna,2024-03-29
,,,,,Q3975,London,Cologne,2023-12-21
,,,,,K1967,London,Malaga,2024-03-24
,,,,,Z5641,London,Malaga,2023-07-16
Chad Bennett,Paris,72,"Brussels, Istanbul, Barcelona, Luxembourg",4,W8103,Paris,Brussels,2023-08-21
,,,,,P8126,Paris,Istanbul,2023-04-15
,,,,,S3887,Paris,Barcelona,2023-10-27
,,,,,L6076,Paris,Luxembourg,2024-05-29
Stacy Simon,New York,66,Philadelphia,1,G4873,New York,Philadelphia,2023-03-07
Stephanie Bailey,Warsaw,23,"Milan, Budapest",2,F4778,Warsaw,Milan,2022-12-02
,,,,,K2697,Warsaw,Budapest,2023-10-28
Mr. Jesus Walker,Las Vegas,45,"Richmond, Boston, Los Angeles, New Orleans",4,D1662,Las Vegas,Richmond,2024-03-20
,,,,,G7733,Las Vegas,Boston,2022-10-26
,,,,,K9906,Las Vegas,Los Angeles,2022-09-03
,,,,,W4591,Las Vegas,New Orleans,2023-09-26
Emma Curry,Istanbul,36,"Bologna, Zurich, Florence",3,L8971,Istanbul,Bologna,2024-01-02
,,,,,F3835,Istanbul,Zurich,2023-01-25
,,,,,A7799,Istanbul,Florence,2024-01-23
Donna Torres,Washington,41,"Newport, Sedona, Charlotte, Charleston, Charleston",5,W9654,Washington,Newport,2023-01-21
,,,,,N3963,Washington,Sedona,2023-07-26
,,,,,P1693,Washington,Charlotte,2023-05-03
,,,,,X8121,Washington,Charleston,2024-01-16
,,,,,B8394,Washington,Charleston,2024-06-18
Mark Flores,Orlando,68,"Seattle, Salt Lake City, Copenhagen, Salt Lake City, Charlotte",5,T4826,Orlando,Seattle,2024-05-03
,,,,,D4846,Orlando,Salt Lake City,2022-12-17
,,,,,V4135,Orlando,Copenhagen,2023-12-14
,,,,,U2648,Orlando,Salt Lake City,2023-12-16
,,,,,F9308,Orlando,Charlotte,2023-11-10
Kaitlin Romero,Savannah,31,"Washington, New Orleans, Fort Lauderdale, Tampa, Indianapolis",5,W7546,Savannah,Washington,2022-09-09
,,,,,H6058,Savannah,New Orleans,2023-07-17
,,,,,T4085,Savannah,Fort Lauderdale,2023-04-20
,,,,,H4751,Savannah,Tampa,2023-04-13
,,,,,V8242,Savannah,Indianapolis,2022-09-07
Amy Jacobs,Geneva,29,"Bologna, Dublin",2,J9385,Geneva,Bologna,2023-02-28
,,,,,D3319,Geneva,Dublin,2022-11-29
Stephen Delgado,Milwaukee,61,"Boston, Fort Lauderdale",2,O5145,Milwaukee,Boston,2023-03-08
,,,,,Q8771,Milwaukee,Fort Lauderdale,2024-03-04
Kendra Davis,Oslo,30,"Helsinki, Barcelona, Copenhagen",3,J4571,Oslo,Helsinki,2023-01-07
,,,,,Y2075,Oslo,Barcelona,2023-10-13
,,,,,F6508,Oslo,Copenhagen,2023-05-21
Mr. Peter Hernandez MD,Philadelphia,57,Key West,1,Z2261,Philadelphia,Key West,2024-07-31
David Nichols,Charleston,46,"Tampa, Newport, Denver, Savannah",4,E5273,Charleston,Tampa,2023-02-06
,,,,,Y5631,Charleston,Newport,2023-09-06
,,,,,O1933,Charleston,Denver,2023-03-06
,,,,,U8933,Charleston,Savannah,2023-03-21
Stacy Nelson,Helsinki,62,"Nice, Gothenburg, Tallinn",3,D7004,Helsinki,Nice,2023-05-22
,,,,,V5284,Helsinki,Gothenburg,2024-03-21
,,,,,R3980,Helsinki,Tallinn,2024-04-18
Brian Salinas,Portland,66,"Nashville, Chicago, St. Louis",3,R9654,Portland,Nashville,2022-10-16
,,,,,L8586,Portland,Chicago,2022-09-16
,,,,,E6617,Portland,St. Louis,2023-11-10
Tom Green,London,70,Chicago,1,N6322,London,Chicago,2023-12-03
Jade Woodard,Newport,50,"St. Louis, Krakow, Sacramento, Pittsburgh",4,S4091,Newport,St. Louis,2024-04-22
,,,,,H2943,Newport,Krakow,2023-12-28
,,,,,O7178,Newport,Sacramento,2023-03-06
,,,,,Y8003,Newport,Pittsburgh,2023-10-11
Kelly Rivers,Jacksonville,75,"Miami, Cincinnati",2,Z7101,Jacksonville,Miami,2024-03-03
,,,,,M2843,Jacksonville,Cincinnati,2023-06-28
Todd Phillips,Charleston,28,"Athens, Richmond, Indianapolis",3,X6021,Charleston,Athens,2024-02-14
,,,,,J4245,Charleston,Richmond,2023-02-20
,,,,,Z6151,Charleston,Indianapolis,2023-01-22
Thomas Espinoza,Austin,58,Ljubljana,1,P3224,Austin,Ljubljana,2023-12-10
Angela Ward,Savannah,39,Bologna,1,I4106,Savannah,Bologna,2023-01-08
Patricia Matthews,Madrid,36,"Madrid, Helsinki",2,M9355,Madrid,Madrid,2024-03-17
,,,,,O4699,Madrid,Helsinki,2024-05-25
Patrick Anthony,Istanbul,53,"Berlin, Oslo, Edinburgh, Nice",4,U9156,Istanbul,Berlin,2023-11-14
,,,,,M1656,Istanbul,Oslo,2023-02-22
,,,,,S8852,Istanbul,Edinburgh,2024-07-05
,,,,,Z6266,Istanbul,Nice,2022-12-17
Jessica Snyder,Jacksonville,36,"New Orleans, New Orleans, Salt Lake City, Oklahoma City, Nashville",5,F7204,Jacksonville,New Orleans,2023-06-24
,,,,,Y8163,Jacksonville,New Orleans,2023-03-27
,,,,,T1426,Jacksonville,Salt Lake City,2023-01-03
,,,,,M3786,Jacksonville,Oklahoma City,2023-08-11
,,,,,F2109,Jacksonville,Nashville,2023-12-04
Barbara Mccarthy,Kansas City,65,"Washington, Newport",2,E2630,Kansas City,Washington,2023-06-30
,,,,,Q3624,Kansas City,Newport,2023-12-21
Jamie Owens,Budapest,73,Berlin,1,O9558,Budapest,Berlin,2024-01-21
Victoria Hudson,Oslo,21,Warsaw,1,E8868,Oslo,Warsaw,2024-06-13
Alexander Cherry,Atlanta,30,"Minneapolis, Sacramento, Seattle, Indianapolis",4,W7465,Atlanta,Minneapolis,2023-01-29
,,,,,Y5441,Atlanta,Sacramento,2024-02-23
,,,,,P5953,Atlanta,Seattle,2024-07-25
,,,,,C6754,Atlanta,Indianapolis,2023-06-11
Michael Randall,Baltimore,24,"Los Angeles, San Francisco",2,R4167,Baltimore,Los Angeles,2024-01-23
,,,,,R5936,Baltimore,San Francisco,2024-01-02
Matthew Bass,Vienna,58,"Madrid, Seville, Bratislava",3,Z7703,Vienna,Madrid,2023-05-19
,,,,,R5695,Vienna,Seville,2023-09-13
,,,,,W2794,Vienna,Bratislava,2024-03-08
Damon Lang Jr.,Providence,21,"Atlanta, Cincinnati, Chicago, Dallas",4,C4648,Providence,Atlanta,2024-07-28
,,,,,H7029,Providence,Cincinnati,2023-06-07
,,,,,S3061,Providence,Chicago,2023-11-08
,,,,,J8849,Providence,Dallas,2023-09-26
Jennifer Johnson,Philadelphia,32,"Madrid, Nice, Orlando, Scottsdale, Denver",5,P2538,Philadelphia,Madrid,2022-09-28
,,,,,U5249,Philadelphia,Nice,2023-11-19
,,,,,G5610,Philadelphia,Orlando,2023-01-21
,,,,,T3633,Philadelphia,Scottsdale,2023-01-22
,,,,,O2324,Philadelphia,Denver,2023-11-08
Paul Manning,Richmond,71,"Las Vegas, Los Angeles, Charleston, St. Louis, Kansas City",5,P1991,Richmond,Las Vegas,2023-02-12
,,,,,Q4452,Richmond,Los Angeles,2023-07-25
,,,,,G3218,Richmond,Charleston,2023-12-22
,,,,,S5690,Richmond,St. Louis,2024-01-12
,,,,,K4144,Richmond,Kansas City,2023-07-17
Brenda Richardson,Honolulu,36,"San Francisco, Savannah, Baltimore, Las Vegas",4,B3118,Honolulu,San Francisco,2022-09-14
,,,,,P2504,Honolulu,Savannah,2023-12-16
,,,,,V4583,Honolulu,Baltimore,2022-09-21
,,,,,Y7893,Honolulu,Las Vegas,2023-09-16
Brandon Sanchez,Lyon,51,"Brussels, Cologne",2,U8171,Lyon,Brussels,2024-04-11
,,,,,R6113,Lyon,Cologne,2023-06-23
Jeffery Perez,Santa Fe,29,"Houston, Reykjavik, Las Vegas, Sedona, Houston",5,F7891,Santa Fe,Houston,2023-03-05
,,,,,U7414,Santa Fe,Reykjavik,2022-08-29
,,,,,Y8725,Santa Fe,Las Vegas,2024-08-13
,,,,,N5486,Santa Fe,Sedona,2024-03-26
,,,,,P5287,Santa Fe,Houston,2023-05-21
Megan Morris,San Diego,25,"Milwaukee, Washington, Atlanta",3,D6909,San Diego,Milwaukee,2024-01-13
,,,,,S8201,San Diego,Washington,2022-11-14
,,,,,S4480,San Diego,Atlanta,2023-09-04
Kelly Thompson,Indianapolis,61,"Savannah, Newport, Houston",3,K4045,Indianapolis,Savannah,2024-05-27
,,,,,V5746,Indianapolis,Newport,2022-12-19
,,,,,G2339,Indianapolis,Houston,2023-05-12
Candice Powell,Naples,58,"Zurich, Tallinn, London, Cologne",4,G9630,Naples,Zurich,2022-10-07
,,,,,W5433,Naples,Tallinn,2023-08-21
,,,,,I2925,Naples,London,2024-08-22
,,,,,S2546,Naples,Cologne,2023-11-25
Lori Allen,San Diego,56,"Houston, Dallas, New York, Tampa, Washington",5,N6895,San Diego,Houston,2023-09-13
,,,,,N4821,San Diego,Dallas,2023-01-30
,,,,,N1501,San Diego,New York,2023-07-27
,,,,,P8322,San Diego,Tampa,2023-02-04
,,,,,F1745,San Diego,Washington,2023-04-12
Erika Jackson DDS,Cincinnati,48,"Baltimore, St. Louis",2,J6585,Cincinnati,Baltimore,2023-01-30
,,,,,U2352,Cincinnati,St. Louis,2023-03-31
Deborah Ellis,Budapest,25,"Bordeaux, Cologne",2,A5518,Budapest,Bordeaux,2024-01-20
,,,,,X7103,Budapest,Cologne,2024-02-16
Timothy Russell,Savannah,51,"San Antonio, Miami, Cincinnati, Portland, Houston",5,I1816,Savannah,San Antonio,2023-05-09
,,,,,T5560,Savannah,Miami,2023-11-27
,,,,,M8503,Savannah,Cincinnati,2022-09-28
,,,,,C3865,Savannah,Portland,2022-11-24
,,,,,Y8567,Savannah,Houston,2023-10-25
Wendy Santiago,Ljubljana,46,"Berlin, Luxembourg, Copenhagen, Lisbon",4,E4682,Ljubljana,Berlin,2023-05-24
,,,,,U9911,Ljubljana,Luxembourg,2023-03-18
,,,,,N5882,Ljubljana,Copenhagen,2023-03-06
,,,,,G1525,Ljubljana,Lisbon,2023-11-29
Susan Thomas,Gothenburg,39,"Bergen, Edinburgh",2,D7573,Gothenburg,Bergen,2023-02-17
,,,,,Z7746,Gothenburg,Edinburgh,2024-06-02
Cheryl Berry,Berlin,46,Berlin,1,U7689,Berlin,Berlin,2023-11-12
Debra Young,New Orleans,68,"Charleston, Los Angeles",2,G7866,New Orleans,Charleston,2023-06-08
,,,,,T3835,New Orleans,Los Angeles,2023-02-25
John Nash,Minneapolis,34,Pittsburgh,1,R8924,Minneapolis,Pittsburgh,2023-09-24
Christopher Sanders,Istanbul,18,"Rome, Atlanta, Stockholm, Paris",4,W4030,Istanbul,Rome,2023-11-16
,,,,,K4525,Istanbul,Atlanta,2022-09-24
,,,,,E8754,Istanbul,Stockholm,2024-01-14
,,,,,X3876,Istanbul,Paris,2023-09-21
Cameron Levine,Helsinki,49,"Vienna, Oslo",2,J2292,Helsinki,Vienna,2023-05-08
,,,,,G5860,Helsinki,Oslo,2023-05-24
Penny Moreno,Milwaukee,20,Sedona,1,F9071,Milwaukee,Sedona,2022-11-19
Christina Moore,Ljubljana,41,Athens,1,V3456,Ljubljana,Athens,2023-07-31
Kayla Johnson,Indianapolis,65,"Milwaukee, St. Louis",2,X9787,Indianapolis,Milwaukee,2023-06-14
,,,,,F7240,Indianapolis,St. Louis,2024-04-19
Gregory Monroe,Miami,18,"Houston, Newport",2,V9021,Miami,Houston,2023-08-26
,,,,,S8275,Miami,Newport,2023-01-02
April Rivas,St. Louis,18,"Fort Lauderdale, Las Vegas",2,V4417,St. Louis,Fort Lauderdale,2023-11-26
,,,,,F5731,St. Louis,Las Vegas,2024-01-24
Joshua Gross,Richmond,46,Phoenix,1,D4431,Richmond,Phoenix,2023-12-21
Caroline Gonzalez,Salzburg,31,Seville,1,N7717,Salzburg,Seville,2022-10-09
Jessica Keller MD,San Antonio,43,"Milwaukee, Newport",2,E8177,San Antonio,Milwaukee,2024-04-26
,,,,,A9761,San Antonio,Newport,2022-12-19
Jennifer Frye,San Francisco,19,"Newport, Nashville, Asheville",3,U1944,San Francisco,Newport,2024-04-06
,,,,,V9393,San Francisco,Nashville,2022-12-26
,,,,,O6436,San Francisco,Asheville,2023-10-14
Todd Lee,Baltimore,68,Philadelphia,1,W7974,Baltimore,Philadelphia,2024-04-05
Samantha Turner,Istanbul,18,"Valencia, Bordeaux",2,M8838,Istanbul,Valencia,2022-11-27
,,,,,H4409,Istanbul,Bordeaux,2023-11-27
Mark Patterson,Krakow,66,London,1,J2574,Krakow,London,2024-02-14
Jessica Kennedy,San Jose,46,"Indianapolis, Portland",2,V4337,San Jose,Indianapolis,2024-05-09
,,,,,V5266,San Jose,Portland,2023-09-12
Elizabeth Davis,Charlotte,52,"Honolulu, Indianapolis, Minneapolis, Charleston, Charlotte",5,G3743,Charlotte,Honolulu,2023-10-09
,,,,,P4486,Charlotte,Indianapolis,2024-02-14
,,,,,P4361,Charlotte,Minneapolis,2024-06-15
,,,,,L1256,Charlotte,Charleston,2024-06-19
,,,,,Y3827,Charlotte,Charlotte,2023-02-02
Kelly Ferguson,San Jose,27,Milwaukee,1,U8391,San Jose,Milwaukee,2024-08-17
Michelle Thompson,Nashville,58,"Fort Lauderdale, Sacramento, Denver, Jacksonville",4,X4853,Nashville,Fort Lauderdale,2023-12-26
,,,,,A7463,Nashville,Sacramento,2023-07-13
,,,,,D7371,Nashville,Denver,2023-02-23
,,,,,R8893,Nashville,Jacksonville,2022-10-14
Deborah Mason,Houston,63,"Denver, Los Angeles",2,S5530,Houston,Denver,2023-03-13
,,,,,Z5705,Houston,Los Angeles,2022-09-02
Shane Valenzuela,Kansas City,62,"Indianapolis, Cincinnati, Tampa, Nashville",4,H5248,Kansas City,Indianapolis,2022-12-14
,,,,,O1545,Kansas City,Cincinnati,2024-08-22
,,,,,I3527,Kansas City,Tampa,2023-02-13
,,,,,S5017,Kansas City,Nashville,2022-11-21
Deborah Morales,Naples,35,"Naples, Dubrovnik, Milan, Gothenburg",4,L3908,Naples,Naples,2024-08-13
,,,,,I7429,Naples,Dubrovnik,2024-06-11
,,,,,S5005,Naples,Milan,2023-03-19
,,,,,Y8812,Naples,Gothenburg,2023-03-19
Alan Owens,Istanbul,44,"Bergen, Krakow, Reykjavik, Bordeaux",4,K4551,Istanbul,Bergen,2024-04-02
,,,,,R2216,Istanbul,Krakow,2024-04-25
,,,,,C8313,Istanbul,Reykjavik,2023-03-01
,,,,,Z5488,Istanbul,Bordeaux,2024-02-12
William Ochoa,Salzburg,51,"Berlin, Gothenburg",2,U1342,Salzburg,Berlin,2024-06-04
,,,,,B7081,Salzburg,Gothenburg,2023-04-05
Michael Butler,Charlotte,70,"Austin, Phoenix, Charlotte, Nashville, Sacramento",5,B3816,Charlotte,Austin,2022-10-21
,,,,,V4468,Charlotte,Phoenix,2023-05-27
,,,,,P5816,Charlotte,Charlotte,2023-04-13
,,,,,U5874,Charlotte,Nashville,2023-09-22
,,,,,O5194,Charlotte,Sacramento,2024-06-19
Jasmine Fleming,Porto,53,"Venice, Oslo, Krakow, Warsaw, Madrid",5,L2867,Porto,Venice,2024-01-13
,,,,,D6945,Porto,Oslo,2024-07-16
,,,,,Z2100,Porto,Krakow,2023-12-22
,,,,,N6228,Porto,Warsaw,2023-09-26
,,,,,X4664,Porto,Madrid,2024-01-19
Shannon Trevino,Richmond,26,"Bratislava, Orlando, Richmond, Indianapolis",4,S2686,Richmond,Bratislava,2022-09-17
,,,,,S2132,Richmond,Orlando,2024-03-29
,,,,,Z1214,Richmond,Richmond,2023-09-14
,,,,,B1577,Richmond,Indianapolis,2022-09-18
Christine Bryant,Edinburgh,43,"Amsterdam, Athens",2,Q3005,Edinburgh,Amsterdam,2023-04-07
,,,,,W1066,Edinburgh,Athens,2022-11-17
Jill Long,Los Angeles,48,Pittsburgh,1,H8877,Los Angeles,Pittsburgh,2024-01-02
Cheryl Hawkins,Brussels,60,St. Petersburg,1,H1549,Brussels,St. Petersburg,2022-10-21
Joshua Stanley,Charlotte,32,"Miami, Chicago",2,P9373,Charlotte,Miami,2022-09-07
,,,,,W1257,Charlotte,Chicago,2023-01-15
Barbara Cooper,Atlanta,70,"Jacksonville, Savannah, Boston",3,I2489,Atlanta,Jacksonville,2022-11-26
,,,,,H6288,Atlanta,Savannah,2023-11-22
,,,,,Z1767,Atlanta,Boston,2023-03-04
Heather Peterson,Seattle,46,"Charleston, Houston",2,O6690,Seattle,Charleston,2023-05-13
,,,,,J7254,Seattle,Houston,2024-08-09
Deanna Brown,Stockholm,64,"Sacramento, Salzburg, Barcelona, Dubrovnik, Geneva",5,D1513,Stockholm,Sacramento,2023-10-26
,,,,,R9794,Stockholm,Salzburg,2023-08-05
,,,,,A4399,Stockholm,Barcelona,2022-11-05
,,,,,U5961,Stockholm,Dubrovnik,2022-12-26
,,,,,B3631,Stockholm,Geneva,2023-11-02
Ashley Williams,Salt Lake City,57,"Kansas City, Richmond, Marseille, Honolulu, Key West",5,X5541,Salt Lake City,Kansas City,2023-08-17
,,,,,L8899,Salt Lake City,Richmond,2022-09-28
,,,,,L2190,Salt Lake City,Marseille,2023-01-10
,,,,,Z6715,Salt Lake City,Honolulu,2024-03-13
,,,,,U6248,Salt Lake City,Key West,2024-05-19
Christopher Brown,Asheville,33,Boston,1,D9611,Asheville,Boston,2024-01-08
Alexis Ortiz,Valencia,25,"Reykjavik, Nice",2,N1930,Valencia,Reykjavik,2023-04-06
,,,,,Z6321,Valencia,Nice,2023-04-29
Grant Brown,Oklahoma City,43,"Scottsdale, Santa Fe",2,N7276,Oklahoma City,Scottsdale,2024-04-08
,,,,,I1522,Oklahoma City,Santa Fe,2023-10-27
Crystal Peters,Milwaukee,42,"Los Angeles, Charlotte, Newport, Scottsdale",4,C7384,Milwaukee,Los Angeles,2023-04-13
,,,,,L5444,Milwaukee,Charlotte,2024-05-16
,,,,,E1207,Milwaukee,Newport,2023-10-09
,,,,,X4488,Milwaukee,Scottsdale,2023-07-01
Sarah Martinez,Prague,65,"Brussels, Valencia, Oslo, Budapest",4,H7669,Prague,Brussels,2022-11-22
,,,,,S8597,Prague,Valencia,2023-03-23
,,,,,G1922,Prague,Oslo,2023-04-10
,,,,,S2747,Prague,Budapest,2023-04-27
Martin Costa,Seattle,54,"Los Angeles, Asheville, Portland, Fort Lauderdale, Las Vegas",5,O2070,Seattle,Los Angeles,2023-02-12
,,,,,D3131,Seattle,Asheville,2022-11-11
,,,,,E9555,Seattle,Portland,2023-11-22
,,,,,J6146,Seattle,Fort Lauderdale,2022-11-13
,,,,,E1166,Seattle,Las Vegas,2024-01-19
Adam Johnson,Stockholm,61,"Helsinki, Venice, Venice",3,T8919,Stockholm,Helsinki,2024-06-10
,,,,,J8270,Stockholm,Venice,2023-02-25
,,,,,F6556,Stockholm,Venice,2024-05-17
Dominic Gregory,Salzburg,19,"Vienna, Bordeaux, Zurich, Dallas, Krakow",5,L2235,Salzburg,Vienna,2023-01-30
,,,,,V1337,Salzburg,Bordeaux,2023-09-11
,,,,,K3184,Salzburg,Zurich,2022-10-01
,,,,,J8623,Salzburg,Dallas,2022-08-26
,,,,,U4303,Salzburg,Krakow,2022-12-24
Erin Lane DDS,Lisbon,61,"Houston, Reykjavik, Gothenburg, Moscow",4,O4130,Lisbon,Houston,2023-01-09
,,,,,E3657,Lisbon,Reykjavik,2024-02-15
,,,,,C8052,Lisbon,Gothenburg,2023-01-12
,,,,,Z8505,Lisbon,Moscow,2023-10-03
Karen Paul,Venice,29,"Seville, Munich, Moscow, Luxembourg, Naples",5,S4822,Venice,Seville,2024-03-17
,,,,,O2757,Venice,Munich,2023-06-15
,,,,,Y4427,Venice,Moscow,2023-04-13
,,,,,O9402,Venice,Luxembourg,2022-12-31
,,,,,Y4052,Venice,Naples,2023-04-07
William Kelly,Baltimore,63,"Savannah, Houston, Austin, Santa Fe",4,P9459,Baltimore,Savannah,2023-07-22
,,,,,H3762,Baltimore,Houston,2024-03-07
,,,,,J8811,Baltimore,Austin,2023-09-25
,,,,,O3410,Baltimore,Santa Fe,2023-11-26
Valerie Sandoval,Lisbon,19,"Porto, Budapest",2,T4312,Lisbon,Porto,2022-11-23
,,,,,C9173,Lisbon,Budapest,2023-12-15
Maria Hodges,Marseille,68,"Salzburg, Krakow",2,C8389,Marseille,Salzburg,2024-01-01
,,,,,D4351,Marseille,Krakow,2023-07-19
Nancy Wiley,Las Vegas,59,"Minneapolis, San Diego",2,I8216,Las Vegas,Minneapolis,2022-09-24
,,,,,H9571,Las Vegas,San Diego,2024-08-04
Teresa Thomas,Pittsburgh,64,"Miami, Boston, Portland, Boston, Cincinnati",5,Z8778,Pittsburgh,Miami,2024-08-20
,,,,,O2076,Pittsburgh,Boston,2023-09-21
,,,,,M7887,Pittsburgh,Portland,2023-03-16
,,,,,W8138,Pittsburgh,Boston,2023-05-26
,,,,,O9844,Pittsburgh,Cincinnati,2023-11-13
Mark Lyons,Marseille,35,"Salzburg, Bologna, Moscow",3,J6437,Marseille,Salzburg,2024-02-14
,,,,,T3994,Marseille,Bologna,2023-02-17
,,,,,M3580,Marseille,Moscow,2023-12-27
William Smith,Pittsburgh,44,New Orleans,1,L8771,Pittsburgh,New Orleans,2024-05-15
Benjamin Rowland,Vienna,64,"Barcelona, Barcelona",2,V4214,Vienna,Barcelona,2023-11-06
,,,,,V7391,Vienna,Barcelona,2023-02-11
Stacey Morgan,Stockholm,52,"Porto, Porto",2,X2048,Stockholm,Porto,2023-04-29
,,,,,I7835,Stockholm,Porto,2024-02-25
John Page,San Francisco,27,Key West,1,Y7926,San Francisco,Key West,2024-03-21
Justin Jones,Venice,37,"Berlin, Paris, Paris, Bordeaux",4,Q3141,Venice,Berlin,2023-02-04
,,,,,G6183,Venice,Paris,2024-08-08
,,,,,X4472,Venice,Paris,2023-04-09
,,,,,D6624,Venice,Bordeaux,2023-03-21
Monica Carter,San Diego,68,"Newport, Nashville, Tampa, Santa Fe, Denver",5,D1892,San Diego,Newport,2024-07-17
,,,,,V3429,San Diego,Nashville,2023-03-18
,,,,,Q8164,San Diego,Tampa,2024-05-31
,,,,,J3322,San Diego,Santa Fe,2024-06-30
,,,,,C7758,San Diego,Denver,2023-09-16
Christopher Lamb,Gothenburg,21,"Berlin, Luxembourg, Berlin, Salzburg, Porto",5,N6025,Gothenburg,Berlin,2023-02-27
,,,,,O9374,Gothenburg,Luxembourg,2022-10-20
,,,,,L5231,Gothenburg,Berlin,2023-01-20
,,,,,S5694,Gothenburg,Salzburg,2023-02-12
,,,,,T7725,Gothenburg,Porto,2023-05-29
Brandon Gentry,Salt Lake City,58,"Valencia, Denver, Charleston, Asheville, Minneapolis",5,W3814,Salt Lake City,Valencia,2023-06-27
,,,,,U9038,Salt Lake City,Denver,2024-04-08
,,,,,J5073,Salt Lake City,Charleston,2024-08-19
,,,,,C2104,Salt Lake City,Asheville,2024-02-17
,,,,,K8244,Salt Lake City,Minneapolis,2024-05-02
Matthew Winters,Dubrovnik,58,"Vienna, Charlotte, Bratislava",3,Z9901,Dubrovnik,Vienna,2023-07-31
,,,,,L1427,Dubrovnik,Charlotte,2023-06-15
,,,,,I5165,Dubrovnik,Bratislava,2023-11-28
Rachel Gibson,Munich,48,Edinburgh,1,U9727,Munich,Edinburgh,2023-09-11
Erica Stafford,Cincinnati,20,"Scottsdale, Denver",2,C2790,Cincinnati,Scottsdale,2024-02-24
,,,,,O7889,Cincinnati,Denver,2023-03-30
Destiny Vargas,Warsaw,67,"Munich, Brussels, Geneva",3,J2349,Warsaw,Munich,2024-05-18
,,,,,E8981,Warsaw,Brussels,2023-05-13
,,,,,R1568,Warsaw,Geneva,2024-05-24
Jose Cain,Milan,34,"Bologna, Florence",2,J1988,Milan,Bologna,2024-07-09
,,,,,S9403,Milan,Florence,2024-04-08
Rebecca Jennings,Helsinki,21,"Salzburg, Florence",2,C2104,Helsinki,Salzburg,2023-10-20
,,,,,U9179,Helsinki,Florence,2024-05-30
Joshua Gomez,Nashville,21,"St. Louis, Scottsdale, St. Louis, Charlotte",4,M1921,Nashville,St. Louis,2024-03-25
,,,,,D6631,Nashville,Scottsdale,2024-03-14
,,,,,V1991,Nashville,St. Louis,2022-09-21
,,,,,N8628,Nashville,Charlotte,2023-02-07
Stephen Powell,Malaga,36,"Naples, Bologna, St. Petersburg, Lisbon, Berlin",5,M8078,Malaga,Naples,2023-09-01
,,,,,C5885,Malaga,Bologna,2022-11-28
,,,,,I8451,Malaga,St. Petersburg,2023-09-01
,,,,,I6867,Malaga,Lisbon,2023-12-09
,,,,,J8706,Malaga,Berlin,2022-12-04
Antonio Thompson,Newport,41,"Houston, Milwaukee, Richmond, San Francisco",4,E5769,Newport,Houston,2022-10-14
,,,,,L1570,Newport,Milwaukee,2024-02-28
,,,,,M2914,Newport,Richmond,2024-02-12
,,,,,K4397,Newport,San Francisco,2023-05-06
Julia Reilly,Florence,24,"Krakow, Bergen, Nice, Budapest",4,A2081,Florence,Krakow,2024-04-30
,,,,,O7619,Florence,Bergen,2023-11-18
,,,,,R3167,Florence,Nice,2024-07-26
,,,,,K5421,Florence,Budapest,2023-03-17
Patty Macias,Porto,56,"Florence, Warsaw, Barcelona, Rome",4,A7350,Porto,Florence,2024-01-17
,,,,,Z6956,Porto,Warsaw,2022-11-11
,,,,,L5175,Porto,Barcelona,2024-03-14
,,,,,S3464,Porto,Rome,2023-10-13
Charles Cooke,Minneapolis,25,"Providence, San Antonio, Cincinnati, Charlotte, Atlanta",5,P1046,Minneapolis,Providence,2023-07-29
,,,,,L2807,Minneapolis,San Antonio,2024-07-11
,,,,,H3249,Minneapolis,Cincinnati,2024-05-06
,,,,,G3395,Minneapolis,Charlotte,2023-07-20
,,,,,D4330,Minneapolis,Atlanta,2024-03-16
Anthony Lewis,Boston,39,"Nashville, Charleston, Kansas City, Scottsdale, Newport",5,V7683,Boston,Nashville,2023-02-03
,,,,,N3035,Boston,Charleston,2024-08-25
,,,,,M1275,Boston,Kansas City,2023-12-15
,,,,,P1208,Boston,Scottsdale,2024-02-10
,,,,,K1866,Boston,Newport,2024-03-02
Antonio Richards,Bordeaux,67,Madrid,1,H2102,Bordeaux,Madrid,2023-09-10
Brandon Ray,Salzburg,69,"Stockholm, Ljubljana",2,Z7330,Salzburg,Stockholm,2022-12-07
,,,,,K2402,Salzburg,Ljubljana,2023-04-05
Michael Graham,Prague,32,Florence,1,S3875,Prague,Florence,2023-03-27
Amanda Tanner,Gothenburg,66,"Bologna, Vienna, Zurich, Reykjavik",4,Z6377,Gothenburg,Bologna,2023-08-22
,,,,,Q3885,Gothenburg,Vienna,2024-02-29
,,,,,F2918,Gothenburg,Zurich,2023-03-06
,,,,,C1806,Gothenburg,Reykjavik,2024-01-29
Craig Gonzalez,Scottsdale,74,"Key West, Indianapolis, Savannah, Salt Lake City, Indianapolis",5,J9563,Scottsdale,Key West,2024-04-09
,,,,,W6952,Scottsdale,Indianapolis,2023-12-12
,,,,,J1128,Scottsdale,Savannah,2022-12-26
,,,,,E1822,Scottsdale,Salt Lake City,2023-01-31
,,,,,I4592,Scottsdale,Indianapolis,2023-02-11
Tammie Cline,Brussels,39,"Cologne, Bratislava",2,N8299,Brussels,Cologne,2022-10-19
,,,,,J2636,Brussels,Bratislava,2023-03-18
Jason Payne,Zurich,66,Rome,1,S2531,Zurich,Rome,2023-08-19
Heather Gilmore,Bordeaux,37,"Istanbul, Barcelona",2,W1157,Bordeaux,Istanbul,2023-03-31
,,,,,T3755,Bordeaux,Barcelona,2023-07-28
Paul Gonzalez,Charlotte,69,"Newport, San Jose, New Orleans",3,R7793,Charlotte,Newport,2022-09-21
,,,,,V5289,Charlotte,San Jose,2024-03-27
,,,,,L2962,Charlotte,New Orleans,2023-08-08
Jacqueline Gonzales,Jacksonville,21,Kansas City,1,E5378,Jacksonville,Kansas City,2022-10-07
Megan Porter,San Jose,51,"Richmond, Philadelphia, Richmond, Miami",4,E5868,San Jose,Richmond,2022-09-24
,,,,,C3873,San Jose,Philadelphia,2023-09-30
,,,,,O4681,San Jose,Richmond,2024-08-01
,,,,,L2317,San Jose,Miami,2023-07-22
Joseph Bullock,Honolulu,53,Kansas City,1,Z9494,Honolulu,Kansas City,2022-12-03
Cody Figueroa,Sacramento,41,"Baltimore, Phoenix, Oslo, Charleston, San Francisco",5,M6708,Sacramento,Baltimore,2023-10-25
,,,,,Q4058,Sacramento,Phoenix,2024-07-27
,,,,,O7743,Sacramento,Oslo,2024-03-17
,,,,,Y8596,Sacramento,Charleston,2024-04-15
,,,,,F3396,Sacramento,San Francisco,2023-10-22
Stephanie Berger,Bratislava,75,"Bratislava, Naples",2,A2289,Bratislava,Bratislava,2022-11-14
,,,,,R9357,Bratislava,Naples,2023-05-17
Brent Russell,Atlanta,26,"Honolulu, Austin, Orlando, Austin",4,K3520,Atlanta,Honolulu,2024-04-12
,,,,,A3265,Atlanta,Austin,2024-07-13
,,,,,X4795,Atlanta,Orlando,2024-02-06
,,,,,V4100,Atlanta,Austin,2023-07-04
Lauren Bowman,Barcelona,64,"Malaga, Vienna, Oslo, Madrid, Milan",5,M3822,Barcelona,Malaga,2023-03-05
,,,,,N1035,Barcelona,Vienna,2023-06-27
,,,,,K6438,Barcelona,Oslo,2022-12-03
,,,,,D1133,Barcelona,Madrid,2022-08-27
,,,,,A5758,Barcelona,Milan,2024-05-03
Donald Graham,Rome,46,"Berlin, Dubrovnik, Stockholm",3,F5884,Rome,Berlin,2023-07-24
,,,,,E4458,Rome,Dubrovnik,2023-07-19
,,,,,I3722,Rome,Stockholm,2023-07-10
Andrew Gray,Dubrovnik,63,"St. Petersburg, Madrid, Nice",3,Q3267,Dubrovnik,St. Petersburg,2024-02-10
,,,,,R2645,Dubrovnik,Madrid,2023-01-22
,,,,,X7493,Dubrovnik,Nice,2023-09-05
Matthew Carey,London,35,Bratislava,1,E8785,London,Bratislava,2023-04-17
Francis Dawson,Milwaukee,46,"Santa Fe, Savannah, Atlanta",3,P4094,Milwaukee,Santa Fe,2023-07-08
,,,,,M3155,Milwaukee,Savannah,2024-05-06
,,,,,H7904,Milwaukee,Atlanta,2024-04-24
Lauren Jensen,Valencia,40,"Lisbon, Krakow, Marseille, London, Krakow",5,N6933,Valencia,Lisbon,2023-05-31
,,,,,K9316,Valencia,Krakow,2022-08-30
,,,,,G7919,Valencia,Marseille,2024-07-09
,,,,,T4277,Valencia,London,2023-03-29
,,,,,F1436,Valencia,Krakow,2022-10-13
Lee Kim,Kansas City,32,Key West,1,A2280,Kansas City,Key West,2024-03-18
Felicia Harris,Istanbul,45,"Zurich, Brussels, Vienna, Nice, St. Petersburg",5,L6800,Istanbul,Zurich,2023-08-17
,,,,,W7059,Istanbul,Brussels,2022-10-22
,,,,,L1290,Istanbul,Vienna,2023-03-08
,,,,,M1194,Istanbul,Nice,2024-01-18
,,,,,D5445,Istanbul,St. Petersburg,2022-10-19
Richard Johnson,New Orleans,27,"Portland, Las Vegas, Phoenix",3,Z4155,New Orleans,Portland,2023-03-02
,,,,,F1601,New Orleans,Las Vegas,2023-02-05
,,,,,O9506,New Orleans,Phoenix,2023-09-29
Mrs. Theresa Gates,Seville,42,"Ljubljana, Valencia, Valencia, Reykjavik, San Jose",5,Q4048,Seville,Ljubljana,2024-01-08
,,,,,H8831,Seville,Valencia,2023-02-08
,,,,,M4799,Seville,Valencia,2023-01-23
,,,,,J8619,Seville,Reykjavik,2023-07-15
,,,,,I4267,Seville,San Jose,2022-12-05
Laura Gutierrez,St. Petersburg,33,"Oslo, Stockholm",2,D4295,St. Petersburg,Oslo,2023-01-29
,,,,,C4486,St. Petersburg,Stockholm,2023-05-17
Ian Ford,Key West,24,"Savannah, Savannah, Sacramento, Savannah",4,G3453,Key West,Savannah,2022-10-03
,,,,,S8517,Key West,Savannah,2022-10-14
,,,,,D9058,Key West,Sacramento,2024-08-06
,,,,,L8842,Key West,Savannah,2024-06-23
Jacob Duffy,Jacksonville,34,"Key West, Tampa",2,W1824,Jacksonville,Key West,2023-01-05
,,,,,B5855,Jacksonville,Tampa,2024-04-26
Seth Gonzalez,Miami,63,"San Diego, Minneapolis, Orlando, Boston",4,S2921,Miami,San Diego,2022-10-07
,,,,,B5816,Miami,Minneapolis,2024-01-07
,,,,,N1177,Miami,Orlando,2023-11-02
,,,,,D5963,Miami,Boston,2024-06-12
Melissa Buckley,Istanbul,65,"London, Cologne",2,I2065,Istanbul,London,2023-04-17
,,,,,T6325,Istanbul,Cologne,2024-06-07
Shelby Powell,Cincinnati,42,"Kansas City, Savannah, Asheville, Jacksonville",4,E6212,Cincinnati,Kansas City,2023-03-18
,,,,,B1493,Cincinnati,Savannah,2023-09-29
,,,,,E8133,Cincinnati,Asheville,2023-08-29
,,,,,E6894,Cincinnati,Jacksonville,2023-07-02
Drew Daniels,Baltimore,72,"Salt Lake City, Denver, Key West, Los Angeles, Dublin",5,V5109,Baltimore,Salt Lake City,2023-10-18
,,,,,N7872,Baltimore,Denver,2024-08-08
,,,,,Q7535,Baltimore,Key West,2023-06-02
,,,,,S6909,Baltimore,Los Angeles,2023-05-12
,,,,,A7451,Baltimore,Dublin,2023-04-12
Ronald Adams,Helsinki,46,"Madrid, Tallinn, Marseille, Florence, Zurich",5,D7096,Helsinki,Madrid,2023-11-25
,,,,,E6153,Helsinki,Tallinn,2022-11-22
,,,,,O5691,Helsinki,Marseille,2024-07-01
,,,,,Z1310,Helsinki,Florence,2024-02-20
,,,,,Y9744,Helsinki,Zurich,2023-03-02
Ricky Ferrell,Savannah,42,"Los Angeles, Salt Lake City",2,K5842,Savannah,Los Angeles,2024-01-29
,,,,,Z5622,Savannah,Salt Lake City,2023-08-04
Gregory Jones,Madrid,34,"Brussels, Budapest, Athens",3,G7632,Madrid,Brussels,2023-08-17
,,,,,B4047,Madrid,Budapest,2023-06-24
,,,,,V5582,Madrid,Athens,2022-12-21
Mary Ward,Oslo,34,"St. Petersburg, Nice, Venice, Milan, Paris",5,N4679,Oslo,St. Petersburg,2023-03-31
,,,,,A5461,Oslo,Nice,2024-01-19
,,,,,B9307,Oslo,Venice,2022-09-03
,,,,,H9427,Oslo,Milan,2022-12-15
,,,,,W4747,Oslo,Paris,2023-12-24
Dustin Castillo,Boston,38,"Cincinnati, Phoenix, Tampa",3,Q7381,Boston,Cincinnati,2024-05-06
,,,,,Q1768,Boston,Phoenix,2024-02-15
,,,,,V5566,Boston,Tampa,2022-08-29
Lindsey Bennett,Vienna,29,"Helsinki, Milan, Berlin, Cologne",4,S6762,Vienna,Helsinki,2023-01-30
,,,,,O6892,Vienna,Milan,2023-03-18
,,,,,S6322,Vienna,Berlin,2022-12-30
,,,,,O1105,Vienna,Cologne,2022-10-07
Matthew Smith,Richmond,18,"Key West, Sedona",2,L8643,Richmond,Key West,2024-04-15
,,,,,C6718,Richmond,Sedona,2023-09-18
Christine Mueller,Stockholm,47,"Scottsdale, Madrid, Las Vegas",3,Z7919,Stockholm,Scottsdale,2022-11-05
,,,,,G8348,Stockholm,Madrid,2023-01-16
,,,,,Q4934,Stockholm,Las Vegas,2024-06-17
Donna Murray,New York,18,"Atlanta, Denver, Baltimore",3,S4158,New York,Atlanta,2023-06-26
,,,,,E1192,New York,Denver,2023-01-20
,,,,,R7027,New York,Baltimore,2024-03-05
Catherine Allen,Istanbul,58,"Krakow, London, Istanbul",3,P2243,Istanbul,Krakow,2024-05-06
,,,,,W9318,Istanbul,London,2023-10-18
,,,,,I6052,Istanbul,Istanbul,2023-07-16
Jessica Hernandez,Bordeaux,27,"Zurich, Washington",2,G3808,Bordeaux,Zurich,2024-03-30
,,,,,K4898,Bordeaux,Washington,2023-12-05
Michael Gibson,Athens,59,"Vienna, Dubrovnik, Vienna, Lisbon",4,C2560,Athens,Vienna,2024-06-21
,,,,,S4697,Athens,Dubrovnik,2023-11-11
,,,,,S5890,Athens,Vienna,2023-12-31
,,,,,T8480,Athens,Lisbon,2024-02-05
Katie Collins,Bologna,29,"Dubrovnik, Geneva, Edinburgh, Nice, Bologna",5,M1779,Bologna,Dubrovnik,2023-08-03
,,,,,D9990,Bologna,Geneva,2024-02-11
,,,,,H8440,Bologna,Edinburgh,2023-01-11
,,,,,J9970,Bologna,Nice,2024-05-20
,,,,,X4475,Bologna,Bologna,2022-11-08
Michael Santiago,Nashville,65,"Cincinnati, Savannah, Honolulu, Milwaukee, Charlotte",5,C1837,Nashville,Cincinnati,2024-07-08
,,,,,R5217,Nashville,Savannah,2023-07-28
,,,,,J5583,Nashville,Honolulu,2022-12-04
,,,,,C6893,Nashville,Milwaukee,2023-12-26
,,,,,P1057,Nashville,Charlotte,2023-11-22
Anna Payne,Helsinki,31,Rome,1,V9532,Helsinki,Rome,2023-10-10
Kathryn Cardenas,Salzburg,68,Naples,1,P3609,Salzburg,Naples,2024-05-25
Brian Ross,Copenhagen,73,"Tallinn, Marseille",2,J7858,Copenhagen,Tallinn,2024-08-23
,,,,,Z6741,Copenhagen,Marseille,2024-03-24
Robert Le,Porto,62,"Savannah, Dallas, Venice, Madrid",4,P6815,Porto,Savannah,2022-10-20
,,,,,H5111,Porto,Dallas,2024-08-02
,,,,,S7494,Porto,Venice,2023-05-09
,,,,,A7132,Porto,Madrid,2023-02-01
Leslie Quinn,Florence,62,"Salzburg, Warsaw, Bergen, Porto, Copenhagen",5,I2156,Florence,Salzburg,2023-04-14
,,,,,S7297,Florence,Warsaw,2024-04-24
,,,,,O7986,Florence,Bergen,2023-01-15
,,,,,F8290,Florence,Porto,2022-12-29
,,,,,G7386,Florence,Copenhagen,2023-11-08
Jose Nixon,Los Angeles,39,"New Orleans, Austin, Kansas City, Luxembourg, Jacksonville",5,Z6543,Los Angeles,New Orleans,2022-12-30
,,,,,L1768,Los Angeles,Austin,2023-07-29
,,,,,Q8198,Los Angeles,Kansas City,2023-01-10
,,,,,G2235,Los Angeles,Luxembourg,2022-10-13
,,,,,T7452,Los Angeles,Jacksonville,2024-03-20
Richard Armstrong PhD,Bratislava,38,"Gothenburg, Dublin, Lyon, Dubrovnik, Warsaw",5,H5988,Bratislava,Gothenburg,2023-03-16
,,,,,L4306,Bratislava,Dublin,2024-02-24
,,,,,W7976,Bratislava,Lyon,2023-10-25
,,,,,O1928,Bratislava,Dubrovnik,2023-08-19
,,,,,H3520,Bratislava,Warsaw,2024-06-20
Trevor Nguyen,Moscow,48,London,1,P8849,Moscow,London,2024-07-06
David Mccann,Madrid,46,"Warsaw, Gothenburg, Florence",3,O5825,Madrid,Warsaw,2022-12-26
,,,,,G7640,Madrid,Gothenburg,2024-04-18
,,,,,O5054,Madrid,Florence,2024-07-17
Jon Hughes,Oslo,64,"Porto, Berlin, Bergen, Budapest, San Jose",5,W5373,Oslo,Porto,2024-03-12
,,,,,A2114,Oslo,Berlin,2023-04-24
,,,,,A3288,Oslo,Bergen,2023-06-01
,,,,,H1786,Oslo,Budapest,2023-02-05
,,,,,L3629,Oslo,San Jose,2024-01-13
Travis Solis,San Diego,53,"Miami, Los Angeles, Asheville, Malaga, Charleston",5,X7908,San Diego,Miami,2022-11-13
,,,,,E1072,San Diego,Los Angeles,2022-09-29
,,,,,T9089,San Diego,Asheville,2023-10-30
,,,,,M8571,San Diego,Malaga,2023-02-04
,,,,,T9988,San Diego,Charleston,2023-08-22
Elizabeth Olson,Seattle,21,"Milwaukee, Oklahoma City, New Orleans",3,A9123,Seattle,Milwaukee,2023-06-01
,,,,,W9452,Seattle,Oklahoma City,2023-04-01
,,,,,C5234,Seattle,New Orleans,2023-01-27
Brian Clark,Krakow,33,Moscow,1,T1389,Krakow,Moscow,2023-12-16
Christopher Villanueva,Asheville,22,"Seattle, Newport, Krakow",3,M5234,Asheville,Seattle,2023-05-29
,,,,,U3083,Asheville,Newport,2022-12-31
,,,,,D2419,Asheville,Krakow,2023-06-16
Thomas Alvarez,Valencia,34,Cologne,1,V9752,Valencia,Cologne,2022-08-27
Andrew Mccoy,Salzburg,38,"Budapest, Bordeaux, Dubrovnik, Edinburgh",4,U5547,Salzburg,Budapest,2024-08-10
,,,,,M4932,Salzburg,Bordeaux,2022-09-22
,,,,,Z2528,Salzburg,Dubrovnik,2024-05-07
,,,,,Q2497,Salzburg,Edinburgh,2024-01-26
Sherri Shah,Helsinki,67,Luxembourg,1,R2054,Helsinki,Luxembourg,2023-07-22
Christina Jones,Fort Lauderdale,25,"Portland, Sedona, Philadelphia, Philadelphia",4,E6714,Fort Lauderdale,Portland,2023-01-08
,,,,,U5598,Fort Lauderdale,Sedona,2024-08-09
,,,,,W7351,Fort Lauderdale,Philadelphia,2024-02-05
,,,,,A8888,Fort Lauderdale,Philadelphia,2022-11-12
Brian Thomas,Philadelphia,36,"Washington, Austin, San Jose, Jacksonville",4,P6158,Philadelphia,Washington,2024-02-07
,,,,,D9114,Philadelphia,Austin,2024-01-08
,,,,,O4237,Philadelphia,San Jose,2023-03-18
,,,,,D7699,Philadelphia,Jacksonville,2024-07-02
Mr. Aaron Johnson II,Gothenburg,66,"Seville, Copenhagen",2,L6452,Gothenburg,Seville,2022-11-13
,,,,,Y2085,Gothenburg,Copenhagen,2024-04-11
Christopher Pratt,Austin,38,Jacksonville,1,W8154,Austin,Jacksonville,2024-01-23
Tiffany Oliver,Minneapolis,47,"Asheville, Los Angeles, Charlotte",3,A6457,Minneapolis,Asheville,2023-08-16
,,,,,A2542,Minneapolis,Los Angeles,2023-06-10
,,,,,F9550,Minneapolis,Charlotte,2023-02-27
Crystal Anderson,Asheville,26,"Atlanta, Newport, Jacksonville, Kansas City",4,E4285,Asheville,Atlanta,2023-04-06
,,,,,T7973,Asheville,Newport,2023-03-05
,,,,,V9094,Asheville,Jacksonville,2023-05-08
,,,,,W6052,Asheville,Kansas City,2023-02-22
Lee Gutierrez,Luxembourg,30,"London, Bratislava, Reykjavik, Bordeaux",4,T5384,Luxembourg,London,2023-04-09
,,,,,M8468,Luxembourg,Bratislava,2023-01-17
,,,,,B6142,Luxembourg,Reykjavik,2024-07-11
,,,,,X6480,Luxembourg,Bordeaux,2022-12-20
Hayley Haynes,Nashville,40,Salt Lake City,1,O6196,Nashville,Salt Lake City,2023-10-25
Amanda Parks,Tallinn,42,"Rome, Edinburgh, Krakow, Ljubljana",4,W2163,Tallinn,Rome,2022-10-18
,,,,,Z1450,Tallinn,Edinburgh,2023-08-12
,,,,,Y7999,Tallinn,Krakow,2023-06-04
,,,,,C2959,Tallinn,Ljubljana,2023-09-17
Lauren Murray,Prague,28,"Barcelona, Seville",2,B3176,Prague,Barcelona,2023-04-09
,,,,,S3755,Prague,Seville,2023-08-04
Courtney Clark,Naples,73,London,1,X3359,Naples,London,2023-07-04
Cody Hunter,Venice,71,Amsterdam,1,F5660,Venice,Amsterdam,2023-02-18
Craig Holland,Geneva,45,"Venice, Lisbon, Amsterdam, Zurich",4,U4274,Geneva,Venice,2023-12-09
,,,,,F3626,Geneva,Lisbon,2023-09-06
,,,,,G9437,Geneva,Amsterdam,2023-01-08
,,,,,D6155,Geneva,Zurich,2023-11-15
Jason Bonilla,Geneva,58,"Krakow, Salzburg",2,D5870,Geneva,Krakow,2022-11-18
,,,,,R8149,Geneva,Salzburg,2023-05-12
Brandon Johnston,Sedona,60,Sacramento,1,B5398,Sedona,Sacramento,2024-02-18
Joshua Hill,Honolulu,36,"Baltimore, San Francisco, Munich, Miami",4,N9213,Honolulu,Baltimore,2022-09-05
,,,,,G7730,Honolulu,San Francisco,2022-10-10
,,,,,D6038,Honolulu,Munich,2023-01-21
,,,,,G1993,Honolulu,Miami,2022-11-20
Raymond Mccann,Geneva,28,"St. Petersburg, Bergen",2,O6342,Geneva,St. Petersburg,2024-06-19
,,,,,E5072,Geneva,Bergen,2022-11-27
Matthew Floyd,Charlotte,28,"San Diego, Dallas",2,Q1274,Charlotte,San Diego,2023-07-20
,,,,,V3406,Charlotte,Dallas,2024-04-12
Ashley Hughes,New Orleans,30,"Lisbon, Seattle",2,C1658,New Orleans,Lisbon,2024-03-24
,,,,,L6483,New Orleans,Seattle,2022-08-28
Debra Hines,Milwaukee,56,"Salt Lake City, Charlotte, Phoenix, Minneapolis",4,T5189,Milwaukee,Salt Lake City,2024-07-20
,,,,,Q1988,Milwaukee,Charlotte,2022-11-07
,,,,,A9836,Milwaukee,Phoenix,2023-08-01
,,,,,L8476,Milwaukee,Minneapolis,2023-11-16
Brian Chaney,Copenhagen,44,"Athens, Barcelona",2,G9651,Copenhagen,Athens,2023-01-19
,,,,,B1303,Copenhagen,Barcelona,2022-12-16
Sandra Leonard,Munich,36,"London, Tallinn, Berlin",3,A5095,Munich,London,2024-03-13
,,,,,A7944,Munich,Tallinn,2023-12-26
,,,,,Y9551,Munich,Berlin,2024-08-18
Robert Robinson DDS,Prague,26,"Geneva, Prague, Geneva, Brussels",4,E1555,Prague,Geneva,2023-08-19
,,,,,B2632,Prague,Prague,2022-10-24
,,,,,H8524,Prague,Geneva,2023-10-27
,,,,,Q1795,Prague,Brussels,2024-08-04
Erin Daniel,Prague,74,"Barcelona, Warsaw, Tallinn, Bergen",4,C2232,Prague,Barcelona,2023-07-03
,,,,,G4078,Prague,Warsaw,2022-11-12
,,,,,G3484,Prague,Tallinn,2023-02-20
,,,,,L5749,Prague,Bergen,2023-04-07
Cynthia Leach,Dublin,44,"Rome, Dubrovnik",2,F7173,Dublin,Rome,2022-11-25
,,,,,S7808,Dublin,Dubrovnik,2022-10-04
Matthew Allen,Seattle,52,"Atlanta, San Francisco",2,S2791,Seattle,Atlanta,2023-06-30
,,,,,C6183,Seattle,San Francisco,2023-08-23
Shane Lam,Savannah,23,"Las Vegas, Boston",2,B4777,Savannah,Las Vegas,2023-07-14
,,,,,M3081,Savannah,Boston,2024-01-20
Jeffery Jimenez III,St. Louis,24,"New York, Budapest, Oklahoma City",3,D6327,St. Louis,New York,2023-10-03
,,,,,R2559,St. Louis,Budapest,2022-09-10
,,,,,R2102,St. Louis,Oklahoma City,2023-11-04
Jamie Wilson,Porto,65,"Malaga, Rome",2,X6566,Porto,Malaga,2023-08-20
,,,,,V2077,Porto,Rome,2024-08-20
Pamela Nguyen,Jacksonville,32,"Washington, Atlanta",2,W3087,Jacksonville,Washington,2023-09-04
,,,,,S2810,Jacksonville,Atlanta,2024-05-10
Ashley Williams,Oslo,71,"Seville, Salzburg, Athens, St. Petersburg, Salzburg",5,B1385,Oslo,Seville,2023-01-05
,,,,,Q7091,Oslo,Salzburg,2023-01-07
,,,,,N1238,Oslo,Athens,2023-10-05
,,,,,V4026,Oslo,St. Petersburg,2023-06-24
,,,,,J6063,Oslo,Salzburg,2022-09-29
Anthony Maldonado,Boston,54,"Phoenix, San Diego, Charleston, Jacksonville",4,K4836,Boston,Phoenix,2024-08-13
,,,,,U2605,Boston,San Diego,2023-05-26
,,,,,O4533,Boston,Charleston,2023-03-19
,,,,,D1192,Boston,Jacksonville,2023-11-15
Christopher Keith,Scottsdale,30,"Salt Lake City, San Antonio, Portland",3,K5670,Scottsdale,Salt Lake City,2022-09-24
,,,,,K5971,Scottsdale,San Antonio,2024-02-03
,,,,,Y7206,Scottsdale,Portland,2022-10-20
George Palmer,Philadelphia,51,"Providence, Sacramento",2,Q6240,Philadelphia,Providence,2024-05-20
,,,,,L7036,Philadelphia,Sacramento,2024-05-17
Dan Mcclure,Minneapolis,49,"Edinburgh, Portland",2,D8381,Minneapolis,Edinburgh,2023-06-01
,,,,,H7213,Minneapolis,Portland,2023-11-29
Dennis Gonzalez,Chicago,71,"Philadelphia, Tampa, Milwaukee, Asheville, Charleston",5,U1831,Chicago,Philadelphia,2023-02-11
,,,,,Y9224,Chicago,Tampa,2023-09-18
,,,,,B4591,Chicago,Milwaukee,2023-07-11
,,,,,K7756,Chicago,Asheville,2023-10-20
,,,,,U4157,Chicago,Charleston,2024-07-20
Michael Meza,Luxembourg,53,"Istanbul, Brussels",2,S5053,Luxembourg,Istanbul,2023-06-09
,,,,,V3353,Luxembourg,Brussels,2023-10-03
Julian Bradley,Portland,33,"Orlando, Savannah, San Francisco, Sedona",4,A8757,Portland,Orlando,2024-08-24
,,,,,W2596,Portland,Savannah,2023-07-11
,,,,,E1307,Portland,San Francisco,2023-11-16
,,,,,S5470,Portland,Sedona,2022-10-21
Wanda Smith,Charleston,48,"New Orleans, Sacramento, Honolulu, Minneapolis, Newport",5,R3366,Charleston,New Orleans,2024-04-07
,,,,,K3333,Charleston,Sacramento,2023-02-10
,,,,,F7577,Charleston,Honolulu,2022-08-31
,,,,,S5723,Charleston,Minneapolis,2023-05-10
,,,,,H6963,Charleston,Newport,2022-11-03
Joseph James,Philadelphia,53,"San Jose, Las Vegas, Newport",3,L3944,Philadelphia,San Jose,2022-12-12
,,,,,N8524,Philadelphia,Las Vegas,2023-10-26
,,,,,B9941,Philadelphia,Newport,2023-01-05
Vincent Valdez,Las Vegas,42,"Atlanta, Dallas, Philadelphia",3,T2866,Las Vegas,Atlanta,2023-01-17
,,,,,T6418,Las Vegas,Dallas,2022-12-10
,,,,,S9121,Las Vegas,Philadelphia,2024-07-15
Kevin Morton,New Orleans,68,"Florence, Portland, Boston, New Orleans, San Francisco",5,U2960,New Orleans,Florence,2022-10-23
,,,,,W5737,New Orleans,Portland,2023-06-16
,,,,,X8110,New Orleans,Boston,2023-12-22
,,,,,Q9209,New Orleans,New Orleans,2024-03-08
,,,,,K1834,New Orleans,San Francisco,2024-03-25
John Griffin,Chicago,23,"Bologna, Providence, Seattle, Miami, Fort Lauderdale",5,E7473,Chicago,Bologna,2023-07-28
,,,,,F1004,Chicago,Providence,2023-03-15
,,,,,M5710,Chicago,Seattle,2023-01-07
,,,,,M2304,Chicago,Miami,2023-02-04
,,,,,W8960,Chicago,Fort Lauderdale,2024-03-14
Roger Gonzalez,Venice,30,"Istanbul, Seville, Oslo, Istanbul",4,I1649,Venice,Istanbul,2022-09-21
,,,,,P8278,Venice,Seville,2023-12-03
,,,,,K4353,Venice,Oslo,2022-10-16
,,,,,B4779,Venice,Istanbul,2024-03-13
Kara Glover,Krakow,32,"Valencia, Nice",2,J7264,Krakow,Valencia,2023-11-07
,,,,,Z6376,Krakow,Nice,2024-06-01
Amber Johnson,Houston,56,"Fort Lauderdale, San Antonio, Nashville, Los Angeles",4,V8918,Houston,Fort Lauderdale,2023-09-08
,,,,,T6527,Houston,San Antonio,2022-11-06
,,,,,D2089,Houston,Nashville,2022-10-27
,,,,,F9926,Houston,Los Angeles,2023-02-01
Rachel Mccarthy,Brussels,37,"Atlanta, Amsterdam, Bergen, Dublin",4,Y4793,Brussels,Atlanta,2023-12-31
,,,,,B2840,Brussels,Amsterdam,2023-05-28
,,,,,X1399,Brussels,Bergen,2024-07-09
,,,,,B6771,Brussels,Dublin,2024-01-25
Alejandro Benson,Denver,39,Atlanta,1,Z4403,Denver,Atlanta,2023-01-01
Beth Griffin,New Orleans,57,"Houston, New Orleans",2,N4539,New Orleans,Houston,2024-01-11
,,,,,E5957,New Orleans,New Orleans,2022-09-17
Adam Cochran,Seville,59,"Valencia, Rome",2,U9854,Seville,Valencia,2023-08-06
,,,,,E1411,Seville,Rome,2023-12-09
Vincent Thompson,Nice,40,"Florence, Ljubljana",2,P5842,Nice,Florence,2024-08-13
,,,,,M1250,Nice,Ljubljana,2022-10-03
Erin Summers,Dallas,57,"Baltimore, Sacramento, San Jose, New York, Charleston",5,B2402,Dallas,Baltimore,2023-07-26
,,,,,O5272,Dallas,Sacramento,2024-01-03
,,,,,C1050,Dallas,San Jose,2022-09-05
,,,,,B8660,Dallas,New York,2023-07-11
,,,,,P6892,Dallas,Charleston,2023-07-06
Alex Long,Munich,64,Nice,1,W5618,Munich,Nice,2024-01-17
Kevin Bender,Oklahoma City,60,Cincinnati,1,H8034,Oklahoma City,Cincinnati,2023-04-06
Jorge Berger,San Antonio,46,"Las Vegas, Asheville, Baltimore, Gothenburg, San Antonio",5,X9081,San Antonio,Las Vegas,2024-05-27
,,,,,V7620,San Antonio,Asheville,2023-07-13
,,,,,X8100,San Antonio,Baltimore,2022-10-11
,,,,,M7319,San Antonio,Gothenburg,2023-02-16
,,,,,G4914,San Antonio,San Antonio,2023-02-27
Michael Robbins,Zurich,31,"Porto, Bergen, Charlotte, Prague, Dubrovnik",5,I2357,Zurich,Porto,2024-08-03
,,,,,G6051,Zurich,Bergen,2022-11-15
,,,,,U4675,Zurich,Charlotte,2023-08-29
,,,,,D5465,Zurich,Prague,2024-06-17
,,,,,J6471,Zurich,Dubrovnik,2024-06-01
Brenda Dominguez,Scottsdale,69,"Kansas City, Atlanta, Los Angeles",3,Z8928,Scottsdale,Kansas City,2023-02-04
,,,,,A1412,Scottsdale,Atlanta,2023-08-21
,,,,,Q8648,Scottsdale,Los Angeles,2022-12-31
Justin Mejia,Key West,32,"Phoenix, Cincinnati, Salt Lake City, Las Vegas",4,T8099,Key West,Phoenix,2023-12-23
,,,,,I7697,Key West,Cincinnati,2023-08-29
,,,,,K3069,Key West,Salt Lake City,2022-12-06
,,,,,N6520,Key West,Las Vegas,2023-11-06
Matthew Long,Gothenburg,45,"Minneapolis, Warsaw, Gothenburg",3,L3427,Gothenburg,Minneapolis,2023-01-31
,,,,,U2757,Gothenburg,Warsaw,2024-01-28
,,,,,X6987,Gothenburg,Gothenburg,2023-01-26
Amanda Barton,Atlanta,61,"Charleston, Baltimore",2,U1595,Atlanta,Charleston,2024-03-24
,,,,,V6994,Atlanta,Baltimore,2024-01-27
Mr. Thomas Norris,Asheville,25,"Seattle, Baltimore",2,N7742,Asheville,Seattle,2024-01-21
,,,,,C4973,Asheville,Baltimore,2024-01-30
Corey Massey,Luxembourg,67,Rome,1,G9824,Luxembourg,Rome,2023-09-02
Kenneth Alvarez,Oklahoma City,41,"New Orleans, Boston",2,E8076,Oklahoma City,New Orleans,2024-07-01
,,,,,Y6128,Oklahoma City,Boston,2023-10-01
Alexis Morrison,New York,30,"Washington, Dallas, Baltimore, Washington",4,U2415,New York,Washington,2024-01-02
,,,,,R7572,New York,Dallas,2024-03-28
,,,,,S8024,New York,Baltimore,2023-10-30
,,,,,U8715,New York,Washington,2023-05-24
April Baker,Asheville,51,"Savannah, Austin",2,J4514,Asheville,Savannah,2023-01-28
,,,,,H1349,Asheville,Austin,2024-05-19
Nathan Roberts,San Antonio,75,"Oklahoma City, Key West, Dallas",3,N6931,San Antonio,Oklahoma City,2024-05-12
,,,,,S4830,San Antonio,Key West,2024-07-22
,,,,,X7943,San Antonio,Dallas,2022-11-11
Christopher Lopez,Los Angeles,32,"Asheville, Dallas, Pittsburgh, Atlanta",4,K1680,Los Angeles,Asheville,2023-08-25
,,,,,M3450,Los Angeles,Dallas,2024-02-20
,,,,,E5749,Los Angeles,Pittsburgh,2024-05-09
,,,,,C8560,Los Angeles,Atlanta,2023-09-15
Christian Morales,Venice,48,Bergen,1,O5870,Venice,Bergen,2024-06-07
Julie Kim,Nice,39,"Tallinn, Madrid, Copenhagen, Seville",4,E3969,Nice,Tallinn,2023-07-25
,,,,,M2535,Nice,Madrid,2024-08-14
,,,,,Q3275,Nice,Copenhagen,2023-06-21
,,,,,Q8261,Nice,Seville,2022-10-26
